generation,case,reason,steps,keys,door_open,task,model_accuracy,combined_score,map_correct,map_audited,final_coverage,error,seconds,candidate_cpu_seconds,evaluator_cpu_seconds
0,0,caught,86,1,False,0.1144,0.9729928078673125,0.457837123146925,6629,6813,0.5022222222222222,,0.0991660310246516,,
0,1,timeout,200,2,False,0.44,0.9937682570593963,0.6615073028237586,20412,20540,0.5733333333333334,,0.13627012199140154,,
0,2,caught,89,1,False,0.1156,0.9774527726995734,0.4603411090798294,3208,3282,0.1688888888888889,,0.060154723993036896,,
0,3,caught,175,2,False,0.23,0.9903070852633384,0.5341228341053355,11545,11658,0.36,,0.14990752501762472,,
0,4,timeout,200,0,False,0.28,1.0,0.5680000000000001,5000,5000,0.1111111111111111,,0.11784477499895729,,
1,0,escaped,46,2,True,0.8984,0.9765973254086181,0.9296789301634472,5258,5384,0.8311111111111111,,0.16717507399152964,,
1,1,escaped,110,2,True,0.924,0.9876047486033519,0.9494418994413407,16971,17184,0.9688888888888889,,0.34481634001713246,,
1,2,escaped,69,2,True,0.9076000000000001,0.9780525502318392,0.9357810200927358,9492,9705,0.9822222222222222,,0.21126726400689222,,
1,3,escaped,90,2,True,0.916,0.985178970917226,0.9436715883668904,14092,14304,0.9688888888888889,,0.2881584420101717,,
1,4,escaped,38,2,True,0.8952,0.9835276229092752,0.93053104916371,3881,3946,0.6933333333333334,,0.10517841100227088,,
2,0,escaped,79,2,True,0.9116000000000001,0.9781627199852575,0.938225087994103,10616,10853,0.9333333333333333,,0.25638100400101393,,
2,1,escaped,44,2,True,0.8976000000000001,0.9868896066882007,0.9333158426752803,5194,5263,0.8888888888888888,,0.12155126500874758,,
2,2,escaped,61,2,True,0.9044,0.981020942408377,0.9350483769633509,7495,7640,0.8666666666666667,,0.16659343900391832,,
2,3,escaped,130,2,True,0.932,0.9866077407258604,0.9538430962903443,22101,22401,0.9688888888888889,,0.41858356099692173,,
2,4,escaped,72,2,True,0.9087999999999999,0.9782838474103969,0.9365935389641588,10181,10407,0.8711111111111111,,0.1972928830073215,,
