generation,condition,expected_episodes,recorded_episodes,missing_episodes,task,task_lower_bound,task_upper_bound,transitions_recorded,escape_count,escape_rate,escape_rate_lower_bound,death_count,death_rate,death_rate_lower_bound,timeout_count,timeout_rate,timeout_rate_lower_bound,invalid_count,invalid_rate,invalid_rate_lower_bound,brier_near,brier_near_targets,brier_near_contributing_episodes,brier_audit,brier_audit_targets,brier_audit_contributing_episodes,brier_destination,brier_destination_targets,brier_destination_contributing_episodes,brier_threat,brier_threat_targets,brier_threat_contributing_episodes,candidate_cpu_seconds_sum,candidate_cpu_seconds_measured_episodes,candidate_cpu_seconds_unavailable_recorded_episodes,evaluator_cpu_seconds_sum,evaluator_cpu_seconds_measured_episodes,evaluator_cpu_seconds_unavailable_recorded_episodes,episode_wall_seconds_sum,episode_wall_seconds_measured_episodes,episode_wall_seconds_unavailable_recorded_episodes,encountered_switch_episodes,replacements_encountered,visible_enemy_steps,visible_enemy_cells,consecutive_visible_steps,post_switch_steps,post_switch_visible_enemy_steps
0,uniform-full,8,8,0,0.8886875,0.8886875,0.8886875000000001,389,7,0.875,0.875,1,0.125,0.125,0,0.0,0.0,0,0.0,0.0,0.007308698673632808,3501,8,0.015581255234213895,4668,8,0.002343693687347883,389,8,0.03194122987495676,801,8,1.157024,8,0,0.3549767739999998,8,0,1.509794886020245,8,0,0,0,89,96,63,0,0
0,stationary-full,8,8,0,0.8759687500000002,0.8759687500000002,0.8759687500000002,418,7,0.875,0.875,1,0.125,0.125,0,0.0,0.0,0,0.0,0.0,0.004795566407902928,3762,8,0.018697586265499368,5016,8,0.0021993961725864175,418,8,0.02904653210752536,621,8,1.318386,8,0,0.39539436200000005,8,0,1.7147567650245037,8,0,0,0,69,84,51,0,0
0,switch-full,8,8,0,0.98615625,0.98615625,0.9861562500000001,443,8,1.0,1.0,0,0.0,0.0,0,0.0,0.0,0,0.0,0.0,0.004645621965807525,3987,8,0.017600327417390725,5316,8,0.00021998627156427728,443,8,0.028981326284320062,639,8,1.4494050000000003,8,0,0.43059494499999973,8,0,1.8756740590033587,8,0,2,2,71,88,52,65,21
0,stationary-late,8,8,0,0.8747187500000001,0.8747187500000001,0.87471875,460,7,0.875,0.875,1,0.125,0.125,0,0.0,0.0,0,0.0,0.0,0.006446936781188368,4140,8,0.017691367688256,5520,8,0.0022384482034244688,460,8,0.028232233654405532,945,8,1.617062,8,0,0.48283932399999996,8,0,2.0940784059930593,8,0,0,0,36,38,9,0,0
0,repeat25-full,8,8,0,0.7643125,0.7643125,0.7643125,425,6,0.75,0.75,2,0.25,0.25,0,0.0,0.0,0,0.0,0.0,0.004350808942444519,3825,8,0.017474016377167136,5100,8,0.004259882337836472,425,8,0.021750097340608045,765,8,1.5038909999999996,8,0,0.43648607200000006,8,0,1.9365748070704285,8,0,8,12,85,93,61,222,55
0,repeat25-late,8,8,0,0.7768125000000001,0.7768125000000001,0.7768125000000001,428,6,0.75,0.75,2,0.25,0.25,0,0.0,0.0,0,0.0,0.0,0.0070036743632649005,3852,8,0.016509118482596775,5136,8,0.004555967451295676,428,8,0.032925884932455615,819,8,1.3968309999999997,8,0,0.4170291150000003,8,0,1.807122048921883,8,0,8,12,32,35,8,225,27
1,uniform-full,8,0,8,,0.0,1.0,0,0,,0.0,0,,0.0,0,,0.0,0,,0.0,,0,0,,0,0,,0,0,,0,0,0,0,0,0,0,0,0,0,0,0,0,0,0,0,0,0
1,stationary-full,8,0,8,,0.0,1.0,0,0,,0.0,0,,0.0,0,,0.0,0,,0.0,,0,0,,0,0,,0,0,,0,0,0,0,0,0,0,0,0,0,0,0,0,0,0,0,0,0
1,switch-full,8,0,8,,0.0,1.0,0,0,,0.0,0,,0.0,0,,0.0,0,,0.0,,0,0,,0,0,,0,0,,0,0,0,0,0,0,0,0,0,0,0,0,0,0,0,0,0,0
1,stationary-late,8,0,8,,0.0,1.0,0,0,,0.0,0,,0.0,0,,0.0,0,,0.0,,0,0,,0,0,,0,0,,0,0,0,0,0,0,0,0,0,0,0,0,0,0,0,0,0,0
1,repeat25-full,8,0,8,,0.0,1.0,0,0,,0.0,0,,0.0,0,,0.0,0,,0.0,,0,0,,0,0,,0,0,,0,0,0,0,0,0,0,0,0,0,0,0,0,0,0,0,0,0
1,repeat25-late,8,0,8,,0.0,1.0,0,0,,0.0,0,,0.0,0,,0.0,0,,0.0,,0,0,,0,0,,0,0,,0,0,0,0,0,0,0,0,0,0,0,0,0,0,0,0,0,0
2,uniform-full,8,8,0,0.7383125,0.7383125,0.7383125000000001,450,6,0.75,0.75,2,0.25,0.25,0,0.0,0.0,0,0.0,0.0,0.009255722477627357,4050,8,0.015641693177926737,5400,8,0.004081341390084145,450,8,0.03039774132204879,1206,8,1.9182079999999981,8,0,0.4219055809999999,8,0,2.337140441959491,8,0,0,0,134,153,98,0,0
2,stationary-full,8,8,0,0.8742500000000001,0.8742500000000001,0.87425,459,7,0.875,0.875,1,0.125,0.125,0,0.0,0.0,0,0.0,0.0,0.003767478903055858,4131,8,0.01810187042821664,5508,8,0.0023297688657988222,459,8,0.021554748664479664,675,8,1.9606670000000006,8,0,0.42408290499999984,8,0,2.38510494606453,8,0,0,0,75,89,53,0,0
2,switch-full,8,8,0,0.98440625,0.98440625,0.9844062500000001,499,8,1.0,1.0,0,0.0,0.0,0,0.0,0.0,0,0.0,0.0,0.0031383100473873077,4491,8,0.017733489985924066,5988,8,0.00044198543445726936,499,8,0.018977412898854438,684,8,2.020937,8,0,0.45102667400000007,8,0,2.473096987028839,8,0,4,4,76,84,47,95,18
2,stationary-late,8,8,0,0.6300625,0.6300625,0.6300625,285,5,0.625,0.625,3,0.375,0.375,0,0.0,0.0,0,0.0,0.0,0.008951807579226,2565,8,0.01655393855896025,3420,8,0.01017314517514163,285,8,0.03512568123641386,648,8,1.1371310000000006,8,0,0.23942416899999983,8,0,1.3734410450269934,8,0,0,0,25,26,12,0,0
2,repeat25-full,8,8,0,0.9841875000000002,0.9841875000000002,0.9841875000000002,506,8,1.0,1.0,0,0.0,0.0,0,0.0,0.0,0,0.0,0.0,0.006271769916137892,4554,8,0.0176985999387226,6072,8,0.0006415390790991095,506,8,0.030851672500664253,891,7,2.079627,8,0,0.4592350610000002,8,0,2.5342237970035058,8,0,8,16,99,121,74,303,81
2,repeat25-late,8,8,0,0.65434375,0.65434375,0.65434375,322,5,0.625,0.625,3,0.375,0.375,0,0.0,0.0,0,0.0,0.0,0.007374623419578127,2898,8,0.015647327924751604,3864,8,0.009081039207726993,322,8,0.025563017881443478,828,8,1.3607680000000009,8,0,0.27443810300000004,8,0,1.630224745022133,8,0,6,9,30,31,13,156,14
3,uniform-full,8,0,8,,0.0,1.0,0,0,,0.0,0,,0.0,0,,0.0,0,,0.0,,0,0,,0,0,,0,0,,0,0,0,0,0,0,0,0,0,0,0,0,0,0,0,0,0,0
3,stationary-full,8,0,8,,0.0,1.0,0,0,,0.0,0,,0.0,0,,0.0,0,,0.0,,0,0,,0,0,,0,0,,0,0,0,0,0,0,0,0,0,0,0,0,0,0,0,0,0,0
3,switch-full,8,0,8,,0.0,1.0,0,0,,0.0,0,,0.0,0,,0.0,0,,0.0,,0,0,,0,0,,0,0,,0,0,0,0,0,0,0,0,0,0,0,0,0,0,0,0,0,0
3,stationary-late,8,0,8,,0.0,1.0,0,0,,0.0,0,,0.0,0,,0.0,0,,0.0,,0,0,,0,0,,0,0,,0,0,0,0,0,0,0,0,0,0,0,0,0,0,0,0,0,0
3,repeat25-full,8,0,8,,0.0,1.0,0,0,,0.0,0,,0.0,0,,0.0,0,,0.0,,0,0,,0,0,,0,0,,0,0,0,0,0,0,0,0,0,0,0,0,0,0,0,0,0,0
3,repeat25-late,8,0,8,,0.0,1.0,0,0,,0.0,0,,0.0,0,,0.0,0,,0.0,,0,0,,0,0,,0,0,,0,0,0,0,0,0,0,0,0,0,0,0,0,0,0,0,0,0
