generation,condition,expected_episodes,recorded_episodes,missing_episodes,encountered_switch_episodes,replacements_encountered,visible_enemy_steps,visible_enemy_cells,consecutive_visible_steps,post_switch_steps,post_switch_visible_enemy_steps
0,uniform-full,8,8,0,0,0,89,96,63,0,0
0,stationary-full,8,8,0,0,0,69,84,51,0,0
0,switch-full,8,8,0,2,2,71,88,52,65,21
0,stationary-late,8,8,0,0,0,36,38,9,0,0
0,repeat25-full,8,8,0,8,12,85,93,61,222,55
0,repeat25-late,8,8,0,8,12,32,35,8,225,27
1,uniform-full,8,0,8,0,0,0,0,0,0,0
1,stationary-full,8,0,8,0,0,0,0,0,0,0
1,switch-full,8,0,8,0,0,0,0,0,0,0
1,stationary-late,8,0,8,0,0,0,0,0,0,0
1,repeat25-full,8,0,8,0,0,0,0,0,0,0
1,repeat25-late,8,0,8,0,0,0,0,0,0,0
2,uniform-full,8,8,0,0,0,134,153,98,0,0
2,stationary-full,8,8,0,0,0,75,89,53,0,0
2,switch-full,8,8,0,4,4,76,84,47,95,18
2,stationary-late,8,8,0,0,0,25,26,12,0,0
2,repeat25-full,8,8,0,8,16,99,121,74,303,81
2,repeat25-late,8,8,0,6,9,30,31,13,156,14
3,uniform-full,8,0,8,0,0,0,0,0,0,0
3,stationary-full,8,0,8,0,0,0,0,0,0,0
3,switch-full,8,0,8,0,0,0,0,0,0,0
3,stationary-late,8,0,8,0,0,0,0,0,0,0
3,repeat25-full,8,0,8,0,0,0,0,0,0,0
3,repeat25-late,8,0,8,0,0,0,0,0,0,0
