generation,condition,metric,seed,descendant,difference,ci95_low,ci95_high
2,all,task,0.8611093750000004,0.8109270833333335,-0.05018229166666688,-0.21336458333333386,0.10052083333333339
2,all,escape,0.8541666666666666,0.8125,-0.04166666666666663,-0.20833333333333337,0.125
2,all,death,0.14583333333333334,0.1875,0.04166666666666666,-0.12499999999999999,0.20833333333333334
2,all,timeout,0.0,0.0,0.0,0.0,0.0
2,all,invalid,0.0,0.0,0.0,0.0,0.0
2,all,keys,1.8958333333333333,1.7291666666666667,-0.16666666666666652,-0.5,0.08333333333333326
2,all,door,0.8541666666666666,0.8125,-0.04166666666666663,-0.20833333333333337,0.125
2,all,steps,53.395833333333336,52.520833333333336,-0.875,-11.583333333333329,8.0625
2,all,brier_near,0.005742449637441384,0.0061720643093338195,0.0004296146718924358,-0.0006573555642590502,0.0016619987331934934
2,all,brier_audit,0.017286005929940396,0.0170203631930432,-0.000265642736897196,-0.0013580880366279129,0.0008572980475694131
2,all,brier_destination,0.0026213767456624,0.0036789282191833825,0.0010575514735209827,-0.0018233622528839397,0.004996480656076285
2,all,brier_threat,0.02885108368038207,0.027495162662379214,-0.0013559210180028557,-0.007533651243283979,0.00546246916395271
2,uniform-full,task,0.8886875,0.7383125,-0.15037499999999993,-0.5187187499999999,0.19387500000000002
2,uniform-full,escape,0.875,0.75,-0.125,-0.5,0.25
2,uniform-full,death,0.125,0.25,0.125,-0.25,0.5
2,uniform-full,timeout,0.0,0.0,0.0,0.0,0.0
2,uniform-full,invalid,0.0,0.0,0.0,0.0,0.0
2,uniform-full,keys,2.0,1.5,-0.5,-1.25,0.0
2,uniform-full,door,0.875,0.75,-0.125,-0.5,0.25
2,uniform-full,steps,48.625,56.25,7.625,-7.375,22.625
2,uniform-full,brier_near,0.007308698673632808,0.009255722477627357,0.0019470238039945489,0.00016281589729862014,0.004421948224865405
2,uniform-full,brier_audit,0.015581255234213895,0.015641693177926737,6.043794371284224e-05,-0.0020836787586972754,0.0029532982226844074
2,uniform-full,brier_destination,0.002343693687347883,0.004081341390084145,0.0017376477027362621,-0.006050516126537352,0.00929842145449042
2,uniform-full,brier_threat,0.03194122987495676,0.03039774132204879,-0.001543488552907972,-0.008582085138066103,0.00428803632544714
2,stationary-full,task,0.8759687500000002,0.8742500000000001,-0.0017187500000001021,-0.33315625000000015,0.32956249999999987
2,stationary-full,escape,0.875,0.875,0.0,-0.375,0.375
2,stationary-full,death,0.125,0.125,0.0,-0.375,0.375
2,stationary-full,timeout,0.0,0.0,0.0,0.0,0.0
2,stationary-full,invalid,0.0,0.0,0.0,0.0,0.0
2,stationary-full,keys,1.875,1.875,0.0,-0.375,0.375
2,stationary-full,door,0.875,0.875,0.0,-0.375,0.375
2,stationary-full,steps,52.25,57.375,5.125,-4.125,13.375
2,stationary-full,brier_near,0.004795566407902928,0.003767478903055858,-0.00102808750484707,-0.0026903510641955158,0.000788415899458471
2,stationary-full,brier_audit,0.018697586265499368,0.01810187042821664,-0.0005957158372827294,-0.002934744724331277,0.0017953884452609932
2,stationary-full,brier_destination,0.0021993961725864175,0.0023297688657988222,0.0001303726932124047,-0.0055173153949729875,0.0062290418812213175
2,stationary-full,brier_threat,0.02904653210752536,0.021554748664479664,-0.007491783443045696,-0.012161745664171442,0.0013210902506136935
2,switch-full,task,0.98615625,0.98440625,-0.0017499999999999183,-0.003718749999999993,0.00024999999999997247
2,switch-full,escape,1.0,1.0,0.0,0.0,0.0
2,switch-full,death,0.0,0.0,0.0,0.0,0.0
2,switch-full,timeout,0.0,0.0,0.0,0.0,0.0
2,switch-full,invalid,0.0,0.0,0.0,0.0,0.0
2,switch-full,keys,2.0,2.0,0.0,0.0,0.0
2,switch-full,door,1.0,1.0,0.0,0.0,0.0
2,switch-full,steps,55.375,62.375,7.0,-1.0,14.875
2,switch-full,brier_near,0.004645621965807525,0.0031383100473873077,-0.0015073119184202174,-0.004927125994839347,0.0012892004129347007
2,switch-full,brier_audit,0.017600327417390725,0.017733489985924066,0.0001331625685333411,-0.0009686567670196752,0.0014429288827784263
2,switch-full,brier_destination,0.00021998627156427728,0.00044198543445726936,0.00022199916289299208,-4.9221988384592495e-05,0.00041356520384838334
2,switch-full,brier_threat,0.028981326284320062,0.018977412898854438,-0.010003913385465624,-0.026265133344895476,0.00758455711771714
2,stationary-late,task,0.8747187500000001,0.6300625,-0.24465625000000013,-0.6132500000000002,0.002406250000000165
2,stationary-late,escape,0.875,0.625,-0.25,-0.625,0.0
2,stationary-late,death,0.125,0.375,0.25,0.0,0.625
2,stationary-late,timeout,0.0,0.0,0.0,0.0,0.0
2,stationary-late,invalid,0.0,0.0,0.0,0.0,0.0
2,stationary-late,keys,1.875,1.375,-0.5,-1.25,0.0
2,stationary-late,door,0.875,0.625,-0.25,-0.625,0.0
2,stationary-late,steps,57.5,35.625,-21.875,-39.375,-6.625
2,stationary-late,brier_near,0.006446936781188368,0.008951807579226,0.002504870798037632,-0.0005171735245872947,0.006361030531990801
2,stationary-late,brier_audit,0.017691367688256,0.01655393855896025,-0.00113742912929575,-0.004265258963953165,0.0018832954781446542
2,stationary-late,brier_destination,0.0022384482034244688,0.01017314517514163,0.007934696971717161,0.0007527977291467407,0.025879390463860993
2,stationary-late,brier_threat,0.028232233654405532,0.03512568123641386,0.006893447582008327,-0.006420070552785241,0.01762087161729796
2,repeat25-full,task,0.7643125,0.9841875000000002,0.21987500000000026,-0.0009687499999998517,0.5493750000000002
2,repeat25-full,escape,0.75,1.0,0.25,0.0,0.625
2,repeat25-full,death,0.25,0.0,-0.25,-0.625,0.0
2,repeat25-full,timeout,0.0,0.0,0.0,0.0,0.0
2,repeat25-full,invalid,0.0,0.0,0.0,0.0,0.0
2,repeat25-full,keys,1.75,2.0,0.25,0.0,0.625
2,repeat25-full,door,0.75,1.0,0.25,0.0,0.625
2,repeat25-full,steps,53.125,63.25,10.125,-1.5,24.625
2,repeat25-full,brier_near,0.004350808942444519,0.006271769916137892,0.0019209609736933727,-0.0013700159031924727,0.005104312775832719
2,repeat25-full,brier_audit,0.017474016377167136,0.0176985999387226,0.00022458356155546227,-0.0009897052907171348,0.0013751038362994489
2,repeat25-full,brier_destination,0.004259882337836472,0.0006415390790991095,-0.0036183432587373623,-0.010877397737049776,0.00033701672845989656
2,repeat25-full,brier_threat,0.021750097340608045,0.030851672500664253,0.009101575160056209,-0.002561192841367653,0.01602297973471404
2,repeat25-late,task,0.7768125000000001,0.65434375,-0.12246875000000013,-0.36884375,0.0013750000000001261
2,repeat25-late,escape,0.75,0.625,-0.125,-0.375,0.0
2,repeat25-late,death,0.25,0.375,0.125,0.0,0.375
2,repeat25-late,timeout,0.0,0.0,0.0,0.0,0.0
2,repeat25-late,invalid,0.0,0.0,0.0,0.0,0.0
2,repeat25-late,keys,1.875,1.625,-0.25,-0.75,0.0
2,repeat25-late,door,0.75,0.625,-0.125,-0.375,0.0
2,repeat25-late,steps,53.5,40.25,-13.25,-31.125,-0.125
2,repeat25-late,brier_near,0.0070036743632649005,0.007374623419578127,0.0003709490563132264,-0.0033193951718782054,0.006306238447901243
2,repeat25-late,brier_audit,0.016509118482596775,0.015647327924751604,-0.0008617905578451705,-0.0028717886872285086,0.0006930220704215208
2,repeat25-late,brier_destination,0.004555967451295676,0.009081039207726993,0.004525071756431316,7.689476607632862e-05,0.01971752033594068
2,repeat25-late,brier_threat,0.032925884932455615,0.025563017881443478,-0.007362867051012138,-0.02904033519787601,0.015352874433160812
