episode,agent,reason,steps,keys,door,task,model_score,combined_score,brier_near_sum,brier_near_n,brier_audit_sum,brier_audit_n,brier_threat_sum,brier_threat_n,persistence_near_sum,persistence_near_n,base_near_sum,base_near_n,updates
0,frozen,escaped,57,2,True,0.9857500000000001,0.9870176596003898,0.986257063840156,5.662774999999986,513,10.209475000000163,684,5.656325000000001,144,9.0,513,5.965199999999977,513,0
1,frozen,caught,13,0,False,0.0,0.9920252403846154,0.39681009615384616,1.09155,117,1.032724999999998,156,1.0903749999999999,63,2.0,117,1.0067999999999997,117,0
2,frozen,escaped,29,2,True,0.99275,0.987467804118774,0.9906371216475096,3.157974999999995,261,4.51177499999999,348,3.1553500000000003,117,6.0,261,2.9843999999999924,261,0
3,frozen,caught,55,2,False,0.2,0.9842292613636364,0.5136917045454545,9.935324999999995,495,7.5702749999999766,660,9.930025,171,19.0,495,8.837999999999985,495,0
4,frozen,escaped,37,2,True,0.99075,0.9787622935435434,0.9859549174174174,3.755349999999996,333,13.85195000000011,444,3.7522,153,7.0,333,3.973199999999989,333,0
5,frozen,escaped,63,2,True,0.9842500000000001,0.9911406415343914,0.9870062566137566,0.5736750000000048,567,12.630450000000168,756,0.5657000000000011,108,2.0,567,1.1867999999999927,567,0
6,frozen,caught,49,2,False,0.2,0.9899291666666666,0.5159716666666667,2.0136000000000003,441,9.1585,588,2.0084750000000002,144,3.0,441,2.0964,441,0
7,frozen,escaped,14,2,True,0.9965,0.9969554067460318,0.9966821626984127,0.0023499999999999997,126,1.0198499999999981,168,0,0,0.0,126,0.05039999999999992,126,0
8,frozen,escaped,33,2,True,0.99175,0.9905162457912458,0.9912564983164983,3.8189499999999947,297,2.4191999999999974,396,3.8158500000000006,126,7.0,297,3.9587999999999894,297,0
9,frozen,caught,20,1,False,0.1,0.9898052083333333,0.45592208333333334,2.1518999999999995,180,2.0242999999999935,240,2.1498,72,2.0,180,2.951999999999999,180,0
10,frozen,caught,25,1,False,0.1,0.9898872083333333,0.45595488333333334,2.304150000000001,225,2.9954749999999937,300,2.301400000000001,54,5.0,225,2.009999999999999,225,0
11,frozen,escaped,49,2,True,0.9877500000000001,0.9915351332199547,0.989264053287982,1.6302249999999958,441,7.781049999999981,588,1.6251999999999966,135,2.0,441,3.0563999999999947,441,0
12,frozen,escaped,17,2,True,0.99575,0.9939593341503268,0.9950337336601307,0.028325000000000038,153,2.426824999999993,204,0.026050000000000004,27,0.0,153,0.06119999999999985,153,0
13,frozen,escaped,51,2,True,0.9872500000000001,0.9909159858387799,0.9887163943355121,2.4958749999999945,459,7.790999999999979,612,2.4899249999999977,135,3.0,459,3.0635999999999934,459,0
14,frozen,caught,22,1,False,0.1,0.9899760732323233,0.4559904292929293,1.7408500000000027,198,2.971499999999992,264,1.7382250000000008,45,2.0,198,1.9991999999999952,198,0
15,frozen,escaped,38,2,True,0.9905,0.9862801352339181,0.9888120540935673,3.4509499999999895,342,7.911249999999988,456,3.4456499999999988,72,4.0,342,4.9367999999999865,342,0
16,frozen,escaped,35,2,True,0.9912500000000001,0.9895023214285714,0.9905509285714286,0.02557500000000006,315,8.783950000000019,420,0.019525,18,0.0,315,0.1259999999999995,315,0
17,frozen,escaped,71,2,True,0.9822500000000001,0.988724789710485,0.9848399158841941,3.8709249999999806,639,14.051725000000138,852,3.8621,180,7.0,639,5.0555999999999734,639,0
18,frozen,caught,48,2,False,0.2,0.9892550347222221,0.5157020138888888,1.09665,432,10.9160000000001,576,1.09045,63,2.0,432,1.1328000000000005,432,0
19,frozen,escaped,56,2,True,0.9860000000000001,0.9897433965773808,0.9874973586309523,1.3363499999999902,504,12.003075000000214,672,1.3294749999999995,99,1.0,504,2.1215999999999875,504,0
20,frozen,escaped,71,2,True,0.9822500000000001,0.9898595950704224,0.9852938380281691,1.7749499999999807,639,14.912650000000152,852,1.7650999999999983,72,2.0,639,3.1355999999999784,639,0
21,frozen,escaped,19,2,True,0.9952500000000001,0.9844245065789474,0.9909198026315791,2.386874999999996,171,3.9199249999999926,228,2.38485,63,4.0,171,1.9883999999999937,171,0
22,frozen,escaped,46,2,True,0.9885,0.9932782986111112,0.9904113194444444,1.090074999999996,414,5.967324999999981,552,1.0837750000000002,45,2.0,414,1.1255999999999942,414,0
23,frozen,escaped,25,2,True,0.99375,0.9853852361111112,0.9904040944444444,5.101299999999998,225,1.9671249999999898,300,5.099050000000001,108,7.0,225,5.849999999999993,225,0
24,frozen,escaped,56,2,True,0.9860000000000001,0.98618738219246,0.9860749528769841,2.2021750000000035,504,15.627925000000305,672,2.1956500000000005,144,2.0,504,3.08159999999998,504,0
25,frozen,caught,45,1,False,0.1,0.991403225308642,0.4565612901234568,2.4947749999999926,405,5.958149999999979,540,2.4891249999999987,90,4.0,405,3.041999999999991,405,0
26,frozen,escaped,81,2,True,0.9797500000000001,0.9868934070644717,0.9826073628257888,7.313224999999982,729,15.72825000000034,972,7.303675000000003,216,14.0,729,7.011599999999969,729,0
27,frozen,escaped,47,2,True,0.9882500000000001,0.9829857195626476,0.986144287825059,6.412824999999993,423,10.641675000000163,564,6.407300000000002,144,10.0,423,7.849199999999981,423,0
28,frozen,escaped,29,2,True,0.99275,0.9850416666666667,0.9896666666666667,2.6716499999999983,261,6.8487999999999865,348,2.6683750000000006,81,5.0,261,2.9843999999999946,261,0
29,frozen,escaped,34,2,True,0.9915,0.9887529207516339,0.9904011683006535,0.07609999999999982,306,9.076150000000025,408,0.07172499999999997,81,0.0,306,0.12239999999999948,306,0
30,frozen,escaped,15,2,True,0.9962500000000001,0.9971479398148149,0.9966091759259259,0.0026749999999999977,135,1.0231749999999984,180,0,0,0.0,135,0.053999999999999895,135,0
31,frozen,escaped,38,2,True,0.9905,0.9828397295321638,0.9874358918128656,7.097449999999999,342,6.186899999999988,456,7.094175000000005,162,12.0,342,8.776800000000138,342,0
32,frozen,escaped,41,2,True,0.9897500000000001,0.991366497289973,0.9903965989159893,1.1867749999999855,369,6.912999999999984,492,1.180549999999999,36,2.0,369,2.0675999999999846,369,0
33,frozen,escaped,86,2,True,0.9785,0.9862315972222222,0.9815926388888889,3.7619499999999926,774,23.402050000000074,1032,3.753275000000001,270,8.0,774,4.149599999999986,774,0
34,frozen,escaped,8,2,True,0.9980000000000001,0.9939572482638889,0.9963828993055556,0.03324999999999999,72,1.1158749999999966,96,0.03257499999999999,36,0.0,72,0.028800000000000023,72,0
35,frozen,escaped,18,2,True,0.9955,0.9997621913580247,0.99720487654321,0.02230000000000005,162,0.07299999999999976,216,0.019500000000000003,18,0.0,162,0.06479999999999983,162,0
36,frozen,escaped,58,2,True,0.9855,0.9918298910440613,0.9880319564176245,3.893074999999998,522,6.182024999999975,696,3.8861499999999998,108,6.0,522,4.048799999999995,522,0
37,frozen,escaped,59,2,True,0.9852500000000001,0.9891258827683616,0.9868003531073447,2.999924999999992,531,11.397850000000078,708,2.9957999999999956,306,2.0,531,7.892399999999977,531,0
38,frozen,escaped,48,2,True,0.9880000000000001,0.993094408275463,0.9900377633101852,3.7318249999999997,432,2.9794749999999803,576,3.7263500000000014,117,7.0,432,4.012799999999993,432,0
39,frozen,caught,56,2,False,0.2,0.9841846788194444,0.5136738715277778,8.253424999999996,504,10.25122500000007,672,8.247800000000002,207,13.0,504,8.841599999999982,504,0
40,frozen,escaped,44,2,True,0.9890000000000001,0.9879299005681816,0.9885719602272727,1.3091249999999965,396,11.000525000000163,528,1.3035249999999987,81,1.0,396,2.0783999999999843,396,0
41,frozen,escaped,50,2,True,0.9875,0.9875439027777777,0.9875175611111111,5.078299999999992,450,8.176250000000033,600,5.072400000000001,135,9.0,450,4.979999999999985,450,0
42,frozen,escaped,35,2,True,0.9912500000000001,0.9866822123015874,0.989422884920635,5.376724999999996,315,4.0179749999999865,420,5.3744,180,10.0,315,5.885999999999988,315,0
43,frozen,escaped,43,2,True,0.9892500000000001,0.9778711078811368,0.9846984431524548,6.649774999999997,387,13.970650000000154,516,6.644600000000002,117,12.0,387,7.8347999999999915,387,0
44,frozen,escaped,51,2,True,0.9872500000000001,0.9847041734749454,0.9862316693899782,2.372149999999992,459,15.55922500000013,612,2.3657999999999992,99,5.0,459,2.103599999999988,459,0
45,frozen,escaped,43,2,True,0.9892500000000001,0.9905703407622738,0.9897781363049096,0.0514750000000001,387,9.662775000000098,516,0.045599999999999995,54,0.0,387,0.15480000000000033,387,0
46,frozen,escaped,62,2,True,0.9845,0.9875481686827957,0.9857192674731183,5.349674999999988,558,11.395425000000017,744,5.343674999999999,216,8.0,558,5.98319999999998,558,0
47,frozen,escaped,75,2,True,0.9812500000000001,0.9858342314814814,0.9830836925925925,3.517074999999984,675,20.808950000000117,900,3.5086249999999986,189,6.0,675,4.1099999999999755,675,0
48,frozen,escaped,44,2,True,0.9890000000000001,0.9923698863636364,0.9903479545454547,1.6415249999999852,396,5.86869999999998,528,1.6361499999999973,81,3.0,396,2.0783999999999834,396,0
49,frozen,caught,54,2,False,0.2,0.9881502829218105,0.5152601131687242,1.2722499999999999,486,13.660900000000243,648,1.2643749999999998,36,1.0,486,2.1144000000000007,486,0
50,frozen,escaped,66,2,True,0.9835,0.9897901041666666,0.9860160416666666,3.293024999999999,594,11.781775000000177,792,3.285625000000001,171,4.0,594,4.0775999999999755,594,0
51,frozen,escaped,43,2,True,0.9892500000000001,0.9883998627260981,0.9889099450904393,1.635724999999998,387,9.790375000000019,516,1.6304749999999997,117,2.0,387,2.0747999999999904,387,0
52,frozen,escaped,26,2,True,0.9935,0.9820198450854701,0.9889079380341881,1.857949999999995,234,8.74234999999999,312,1.855174999999998,72,2.0,234,2.973599999999994,234,0
53,frozen,escaped,49,2,True,0.9877500000000001,0.989173008786848,0.9883192035147392,0.04692499999999958,441,12.669975000000067,588,0.038849999999999996,27,0.0,441,0.17640000000000094,441,0
54,frozen,escaped,62,2,True,0.9845,0.9871883512544801,0.9855753405017921,0.8239750000000123,558,17.96510000000017,744,0.8151499999999998,81,2.0,558,1.1831999999999847,558,0
55,frozen,escaped,43,2,True,0.9892500000000001,0.9935109980620155,0.9909543992248062,1.2886499999999934,387,4.9784499999999845,516,1.282949999999997,99,3.0,387,1.1147999999999927,387,0
56,frozen,escaped,59,2,True,0.9852500000000001,0.9836897481167607,0.9846258992467043,7.29259999999999,531,13.37185000000016,708,7.287525000000001,225,11.0,531,8.852399999999998,531,0
57,frozen,escaped,68,2,True,0.9830000000000001,0.9865671058006534,0.9844268423202613,6.222324999999983,612,13.626050000000339,816,6.213375000000002,162,10.0,612,6.0047999999999755,612,0
58,frozen,escaped,65,2,True,0.9837500000000001,0.991051971153846,0.9866707884615384,0.28582499999999955,585,13.577825000000121,780,0.27587500000000004,45,1.0,585,0.2340000000000026,585,0
59,frozen,caught,63,2,False,0.2,0.9916336585097001,0.5166534634038801,1.3702000000000019,567,10.822975000000064,756,1.36175,108,1.0,567,2.146799999999998,567,0
60,frozen,escaped,41,2,True,0.9897500000000001,0.9929523797425475,0.9910309518970191,0.03220000000000004,369,6.891924999999986,492,0.02590000000000001,18,0.0,369,0.14760000000000012,369,0
61,frozen,escaped,68,2,True,0.9830000000000001,0.9860848090277776,0.9842339236111111,6.468874999999997,612,14.084425000000202,816,6.461150000000002,198,10.0,612,8.884800000000078,612,0
62,frozen,escaped,36,2,True,0.9910000000000001,0.9883677854938271,0.9899471141975309,0.9223750000000077,324,8.82040000000006,432,0.9179500000000004,63,1.0,324,1.0895999999999901,324,0
63,frozen,escaped,40,2,True,0.9900000000000001,0.9907514322916667,0.9903005729166667,0.0575249999999998,360,8.801924999999986,480,0.05207499999999998,54,0.0,360,0.14400000000000002,360,0
0,frozen_no_planning,escaped,60,2,True,0.9850000000000001,0.9867145254629629,0.9856858101851853,5.3294499999999845,540,12.025150000000188,720,5.3225750000000005,162,9.0,540,5.015999999999977,540,0
1,frozen_no_planning,caught,82,2,False,0.2,0.9859899601964768,0.5143959840785908,9.974799999999979,738,14.272025000000342,984,9.963799999999999,162,18.0,738,9.895199999999976,738,0
2,frozen_no_planning,escaped,33,2,True,0.99175,0.9888384154040404,0.9905853661616162,2.5697999999999968,297,5.413574999999988,396,2.567350000000001,171,4.0,297,2.9987999999999904,297,0
3,frozen_no_planning,escaped,59,2,True,0.9852500000000001,0.993702336393597,0.9886309345574389,0.035149999999999744,531,8.870624999999979,708,0.025875000000000006,27,0.0,531,0.21240000000000198,531,0
4,frozen_no_planning,escaped,52,2,True,0.9870000000000001,0.9819027443910255,0.9849610977564103,3.9504749999999933,468,17.318075000000142,624,3.9479999999999955,324,5.0,468,4.987199999999983,468,0
5,frozen_no_planning,escaped,67,2,True,0.9832500000000001,0.9928966106965172,0.9871086442786069,0.3433499999999995,603,10.964450000000182,804,0.33495,153,1.0,603,0.2412000000000028,603,0
6,frozen_no_planning,escaped,62,2,True,0.9845,0.987955628360215,0.985882251344086,3.220424999999996,558,13.6281250000001,744,3.2133249999999993,153,6.0,558,3.1031999999999935,558,0
7,frozen_no_planning,escaped,17,2,True,0.99575,0.9951068423202615,0.9954927369281046,0.002799999999999997,153,1.9926749999999966,204,0,0,0.0,153,0.06119999999999985,153,0
8,frozen_no_planning,escaped,37,2,True,0.99075,0.9940660191441442,0.9920764076576577,2.0398499999999893,333,2.549574999999987,444,2.034675,72,2.0,333,3.013199999999988,333,0
9,frozen_no_planning,caught,22,1,False,0.1,0.9855284090909091,0.45421136363636366,4.215975,198,2.0196999999999923,264,4.2142,117,6.0,198,4.879199999999998,198,0
10,frozen_no_planning,escaped,77,2,True,0.98075,0.9872789186507935,0.9833615674603174,9.383125000000014,693,10.997725000000157,924,9.378100000000003,405,17.0,693,9.877200000000045,693,0
11,frozen_no_planning,escaped,64,2,True,0.9840000000000001,0.9934897135416666,0.9877958854166666,0.0859499999999998,576,9.885200000000047,768,0.07837499999999993,108,0.0,576,0.2304000000000025,576,0
12,frozen_no_planning,escaped,18,2,True,0.9955,0.9925307677469136,0.9943123070987655,0.9131500000000012,162,2.009174999999992,216,0.9110500000000005,45,1.0,162,1.0247999999999977,162,0
13,frozen_no_planning,escaped,61,2,True,0.98475,0.9824494250910746,0.9838297700364298,9.740975000000102,549,12.706075000000087,732,9.734750000000037,207,16.0,549,10.779600000000174,549,0
14,frozen_no_planning,caught,35,1,False,0.1,0.985042123015873,0.4540168492063492,5.447674999999999,315,5.301049999999987,420,5.444824999999999,144,9.0,315,5.885999999999995,315,0
15,frozen_no_planning,escaped,42,2,True,0.9895,0.9861013310185185,0.9881405324074074,3.1107999999999887,378,9.862124999999995,504,3.1050999999999993,81,4.0,378,3.9911999999999868,378,0
16,frozen_no_planning,escaped,40,2,True,0.9900000000000001,0.989785798611111,0.9899143194444445,0.02597500000000006,360,9.771000000000065,480,0.019525,18,0.0,360,0.14400000000000002,360,0
17,frozen_no_planning,escaped,75,2,True,0.9812500000000001,0.989602787037037,0.9845911148148148,2.216049999999996,675,15.760250000000168,900,2.2075749999999994,207,4.0,675,2.189999999999996,675,0
18,frozen_no_planning,escaped,75,2,True,0.9812500000000001,0.9869819166666666,0.9835427666666666,3.416249999999998,675,18.8775500000002,900,3.406575,135,5.0,675,4.109999999999993,675,0
19,frozen_no_planning,caught,71,1,False,0.1,0.9863763302034427,0.45455053208137713,7.633599999999991,639,13.036600000000343,852,7.627625000000004,288,11.0,639,8.895599999999977,639,0
20,frozen_no_planning,escaped,57,2,True,0.9857500000000001,0.9923254690545809,0.9883801876218323,1.0484499999999852,513,9.10082500000004,684,1.0403749999999987,72,1.0,513,2.125199999999984,513,0
21,frozen_no_planning,escaped,20,2,True,0.9950000000000001,0.9901392708333333,0.9930557083333335,1.105424999999994,180,3.2592499999999953,240,1.1032749999999985,63,2.0,180,1.0319999999999936,180,0
22,frozen_no_planning,escaped,72,2,True,0.9820000000000001,0.9854735050154321,0.9833894020061729,11.955550000000049,648,9.161050000000024,864,11.947575,216,18.0,648,13.699200000000086,648,0
23,frozen_no_planning,caught,14,1,False,0.1,0.9865913442460318,0.4546365376984127,1.8744250000000002,126,2.006074999999995,168,1.8723250000000002,27,3.0,126,1.9703999999999993,126,0
24,frozen_no_planning,escaped,84,2,True,0.9790000000000001,0.9872592592592592,0.9823037037037037,4.0849749999999885,756,20.23870000000014,1008,4.076649999999998,306,5.0,756,6.062399999999969,756,0
25,frozen_no_planning,escaped,26,2,True,0.9935,0.991234748931624,0.9925938995726495,1.1193499999999983,234,3.9770499999999878,312,1.1160249999999987,54,2.0,234,1.0535999999999974,234,0
26,frozen_no_planning,escaped,81,2,True,0.9797500000000001,0.9886600308641974,0.9833140123456791,4.71997499999998,729,15.75160000000034,972,4.710450000000001,225,6.0,729,6.05159999999997,729,0
27,frozen_no_planning,escaped,53,2,True,0.98675,0.9857888233752619,0.9863655293501048,4.749199999999987,477,11.744350000000212,636,4.743424999999999,171,5.0,477,7.8707999999999805,477,0
28,frozen_no_planning,escaped,32,2,True,0.9920000000000001,0.9882248046875001,0.9904899218750001,2.3453999999999953,288,5.916149999999986,384,2.3413249999999985,99,4.0,288,2.9951999999999934,288,0
29,frozen_no_planning,escaped,69,2,True,0.98275,0.9884748289049918,0.9850399315619968,1.0362999999999989,621,17.70395000000026,828,1.028199999999999,153,1.0,621,1.2083999999999882,621,0
30,frozen_no_planning,escaped,63,2,True,0.9842500000000001,0.9908532076719577,0.9868912830687832,4.370249999999995,567,8.002949999999984,756,4.3633250000000015,153,6.0,567,5.986799999999983,567,0
31,frozen_no_planning,escaped,52,2,True,0.9870000000000001,0.9837924412393162,0.9857169764957265,7.245474999999995,468,10.566400000000053,624,7.240750000000002,189,13.0,468,7.867199999999984,468,0
32,frozen_no_planning,escaped,46,2,True,0.9885,0.9912851147342996,0.9896140458937198,1.2825249999999873,414,7.911199999999982,552,1.2761749999999992,72,3.0,414,1.1255999999999864,414,0
33,frozen_no_planning,escaped,112,2,True,0.9720000000000001,0.9855629712301587,0.9774251884920635,9.088825000000096,1008,26.688299999999945,1344,9.078975000000046,432,12.0,1008,10.963200000000176,1008,0
34,frozen_no_planning,escaped,8,2,True,0.9980000000000001,0.9939572482638889,0.9963828993055556,0.03324999999999999,72,1.1158749999999966,96,0.03257499999999999,36,0.0,72,0.028800000000000023,72,0
35,frozen_no_planning,escaped,38,2,True,0.9905,0.9933860928362573,0.9916544371345031,0.07659999999999952,342,5.9297499999999905,456,0.07149999999999994,81,0.0,342,0.1367999999999998,342,0
36,frozen_no_planning,escaped,53,2,True,0.98675,0.9900362355870022,0.9880644942348009,5.732124999999999,477,5.031074999999976,636,5.725650000000001,99,11.0,477,5.950799999999994,477,0
37,frozen_no_planning,escaped,178,2,True,0.9555,0.989286116963171,0.9690144467852685,8.754625000000075,1602,34.09687499999969,2136,8.739825000000035,774,10.0,1602,13.120800000000402,1602,0
38,frozen_no_planning,escaped,80,2,True,0.9800000000000001,0.9927232899305556,0.9850893159722223,2.1660999999999757,720,11.083150000000039,960,2.155324999999999,117,4.0,720,2.2079999999999695,720,0
39,frozen_no_planning,escaped,75,2,True,0.9812500000000001,0.9883359305555555,0.9840843722222222,3.6665999999999883,675,16.106525000000197,900,3.658000000000001,153,4.0,675,5.069999999999981,675,0
40,frozen_no_planning,escaped,37,2,True,0.99075,0.9846848442192191,0.9883239376876877,1.8340750000000043,333,11.1544250000001,444,1.8294000000000006,63,2.0,333,3.0131999999999923,333,0
41,frozen_no_planning,escaped,62,2,True,0.9845,0.9921026993727597,0.987541079749104,1.3238499999999953,558,9.986050000000112,744,1.3153499999999994,126,3.0,558,1.1831999999999954,558,0
42,frozen_no_planning,escaped,26,2,True,0.9935,0.9816913327991453,0.9887765331196581,5.760324999999998,234,3.744174999999991,312,5.759325,171,9.0,234,5.853599999999991,234,0
43,frozen_no_planning,escaped,38,2,True,0.9905,0.9844507949561402,0.9880803179824562,1.1552249999999957,342,12.64057500000012,456,1.1493749999999998,36,1.0,342,2.0567999999999937,342,0
44,frozen_no_planning,escaped,53,2,True,0.98675,0.986909663259958,0.9868138653039832,0.3665499999999999,477,16.162175000000133,636,0.3601000000000001,117,1.0,477,0.19080000000000136,477,0
45,frozen_no_planning,escaped,47,2,True,0.9882500000000001,0.990371202718676,0.9890984810874703,0.05214999999999996,423,10.791750000000134,564,0.045625000000000006,54,0.0,423,0.16920000000000074,423,0
46,frozen_no_planning,escaped,45,2,True,0.98875,0.9910232484567901,0.989659299382716,2.487199999999991,405,6.378624999999977,540,2.4810000000000016,90,6.0,405,2.0819999999999887,405,0
47,frozen_no_planning,caught,36,0,False,0.0,0.9881203896604939,0.3952481558641976,1.897,324,7.734649999999988,432,1.8916000000000002,36,3.0,324,2.049599999999999,324,0
48,frozen_no_planning,escaped,75,2,True,0.9812500000000001,0.9890592268518518,0.9843736907407408,3.8837749999999773,675,14.515025000000087,900,3.8735250000000003,117,6.0,675,4.109999999999971,675,0
49,frozen_no_planning,escaped,58,2,True,0.9855,0.9856657207854405,0.9855662883141763,3.8553499999999894,522,14.812850000000257,696,3.848400000000002,144,6.0,522,4.048799999999981,522,0
50,frozen_no_planning,escaped,86,2,True,0.9785,0.9886166182170542,0.9825466472868216,6.156749999999978,774,15.286300000000299,1032,6.1473749999999985,234,8.0,774,7.989599999999968,774,0
51,frozen_no_planning,caught,52,0,False,0.0,0.9880559027777777,0.3952223611111111,3.1050250000000013,468,10.7662000000001,624,3.096450000000001,45,6.0,468,3.0671999999999997,468,0
52,frozen_no_planning,escaped,84,2,True,0.9790000000000001,0.9898047619047616,0.9833219047619047,6.10979999999999,756,12.407200000000492,1008,6.101775000000003,342,10.0,756,7.982399999999975,756,0
53,frozen_no_planning,escaped,61,2,True,0.98475,0.985367361111111,0.9849969444444444,3.9539499999999954,549,16.150250000000092,732,3.9457250000000013,126,6.0,549,5.019599999999984,549,0
54,frozen_no_planning,escaped,56,2,True,0.9860000000000001,0.9886721726190475,0.987068869047619,0.4270499999999997,504,14.655200000000148,672,0.4182499999999999,45,0.0,504,1.161599999999995,504,0
55,frozen_no_planning,escaped,74,2,True,0.9815,0.9930208474099099,0.986108338963964,2.161124999999992,666,9.51347500000006,888,2.153399999999996,252,2.0,666,4.106399999999987,666,0
56,frozen_no_planning,escaped,58,2,True,0.9855,0.9863929537835248,0.98585718151341,3.7716249999999905,522,13.912175000000186,696,3.7641250000000013,99,8.0,522,4.048799999999986,522,0
57,frozen_no_planning,escaped,49,2,True,0.9877500000000001,0.9850123795351473,0.9866549518140589,5.123674999999986,441,10.79387500000018,588,5.116475000000001,90,8.0,441,4.976399999999983,441,0
58,frozen_no_planning,escaped,49,2,True,0.9877500000000001,0.988509623015873,0.9880538492063492,3.2379249999999975,441,9.19545000000003,588,3.2314500000000006,72,7.0,441,3.0563999999999947,441,0
59,frozen_no_planning,escaped,65,2,True,0.9837500000000001,0.9944597863247864,0.9880339145299146,1.2849249999999872,585,6.929499999999968,780,1.278024999999994,216,2.0,585,1.193999999999986,585,0
60,frozen_no_planning,escaped,43,2,True,0.9892500000000001,0.993303892118863,0.9908715568475452,0.013225000000000153,387,6.892749999999986,516,0.006574999999999999,9,0.0,387,0.15480000000000033,387,0
61,frozen_no_planning,escaped,81,2,True,0.9797500000000001,0.9902496956447187,0.9839498782578876,1.373374999999984,729,17.123425000000193,972,1.3617749999999986,108,1.0,729,2.2115999999999842,729,0
62,frozen_no_planning,escaped,55,2,True,0.9862500000000001,0.9852351767676766,0.9858440707070706,4.8987499999999935,495,12.957900000000235,660,4.8942749999999995,225,8.0,495,4.997999999999986,495,0
63,frozen_no_planning,escaped,78,2,True,0.9805,0.983017454594017,0.9815069818376069,8.42235000000002,702,20.56152500000013,936,8.415275000000005,297,13.0,702,8.920800000000021,702,0
0,memory,escaped,60,2,True,0.9850000000000001,0.9834627777777777,0.9843851111111112,9.0,540,11.813600000000156,720,9.0,162,9.0,540,5.015999999999977,540,0
1,memory,caught,82,2,False,0.2,0.9797634146341462,0.5119053658536585,18.0,738,15.825600000000358,984,18.0,162,18.0,738,9.895199999999976,738,0
2,memory,escaped,33,2,True,0.99175,0.9845008417508417,0.9888503367003367,4.0,297,6.941999999999988,396,4.0,171,4.0,297,2.9987999999999904,297,0
3,memory,escaped,59,2,True,0.9852500000000001,0.9937209039548023,0.988638361581921,0.0,531,8.891199999999978,708,0.0,27,0.0,531,0.21240000000000198,531,0
4,memory,escaped,52,2,True,0.9870000000000001,0.9805353632478632,0.9844141452991453,5.0,468,17.625200000000152,624,5.0,324,5.0,468,4.987199999999983,468,0
5,memory,escaped,67,2,True,0.9832500000000001,0.9924300165837479,0.9869220066334992,1.0,603,10.839200000000181,804,1.0,153,1.0,603,0.2412000000000028,603,0
6,memory,escaped,62,2,True,0.9845,0.9853892473118279,0.9848556989247312,6.0,558,13.740800000000114,744,6.0,153,6.0,558,3.1031999999999935,558,0
7,memory,escaped,17,2,True,0.99575,0.9951088235294118,0.9954935294117648,0.0,153,1.9955999999999967,204,0,0,0.0,153,0.06119999999999985,153,0
8,memory,escaped,37,2,True,0.99075,0.993533933933934,0.9918635735735737,2.0,333,3.075199999999985,444,2.0,72,2.0,333,3.013199999999988,333,0
9,memory,caught,22,1,False,0.1,0.9810295454545455,0.4524118181818182,6.0,198,2.0163999999999924,264,6.0,117,6.0,198,4.879199999999998,198,0
10,memory,escaped,77,2,True,0.98075,0.9818212842712841,0.9811785137085137,17.0,693,10.927600000000174,924,17.0,405,17.0,693,9.877200000000045,693,0
11,memory,escaped,64,2,True,0.9840000000000001,0.9935674479166666,0.9878269791666667,0.0,576,9.88040000000006,768,0.0,108,0.0,576,0.2304000000000025,576,0
12,memory,escaped,18,2,True,0.9955,0.9922895061728395,0.9942158024691359,1.0,162,1.9975999999999923,216,1.0,45,1.0,162,1.0247999999999977,162,0
13,memory,escaped,61,2,True,0.98475,0.9759400728597448,0.9812260291438979,16.0,549,13.890400000000175,732,16.0,207,16.0,549,10.779600000000174,549,0
14,memory,caught,35,1,False,0.1,0.978587619047619,0.4514350476190476,9.0,315,5.986399999999985,420,9.0,144,9.0,315,5.885999999999995,315,0
15,memory,escaped,42,2,True,0.9895,0.9850117724867725,0.9877047089947091,4.0,378,9.774799999999994,504,4.0,81,4.0,378,3.9911999999999868,378,0
16,memory,escaped,40,2,True,0.9900000000000001,0.9898245833333332,0.9899298333333334,0.0,360,9.76840000000006,480,0.0,18,0.0,360,0.14400000000000002,360,0
17,memory,escaped,75,2,True,0.9812500000000001,0.9877270370370369,0.9838408148148148,4.0,675,16.75800000000023,900,4.0,207,4.0,675,2.189999999999996,675,0
18,memory,escaped,75,2,True,0.9812500000000001,0.9854102962962962,0.9829141185185185,5.0,675,19.59480000000018,900,5.0,135,5.0,675,4.109999999999993,675,0
19,memory,caught,71,1,False,0.1,0.9838474960876368,0.45353899843505474,11.0,639,12.85720000000034,852,11.0,288,11.0,639,8.895599999999977,639,0
20,memory,escaped,57,2,True,0.9857500000000001,0.9925338206627681,0.9884635282651073,1.0,513,8.880400000000002,684,1.0,72,1.0,513,2.125199999999984,513,0
21,memory,escaped,20,2,True,0.9950000000000001,0.9861852777777778,0.9914741111111112,2.0,180,3.964399999999994,240,2.0,63,2.0,180,1.0319999999999936,180,0
22,memory,escaped,72,2,True,0.9820000000000001,0.9797511574074073,0.9811004629629629,18.0,648,10.99000000000021,864,18.0,216,18.0,648,13.699200000000086,648,0
23,memory,caught,14,1,False,0.1,0.9820869047619047,0.4528347619047619,3.0,126,2.0187999999999944,168,3.0,27,3.0,126,1.9703999999999993,126,0
24,memory,escaped,84,2,True,0.9790000000000001,0.9864951058201058,0.9819980423280423,5.0,756,20.55920000000009,1008,5.0,306,5.0,756,6.062399999999969,756,0
25,memory,escaped,26,2,True,0.9935,0.9893931623931624,0.991857264957265,2.0,234,3.951999999999989,312,2.0,54,2.0,234,1.0535999999999974,234,0
26,memory,escaped,81,2,True,0.9797500000000001,0.987788477366255,0.9829653909465021,6.0,729,15.739200000000343,972,6.0,225,6.0,729,6.05159999999997,729,0
27,memory,escaped,53,2,True,0.98675,0.98552714884696,0.9862608595387841,5.0,477,11.742800000000221,636,5.0,171,5.0,477,7.8707999999999805,477,0
28,memory,escaped,32,2,True,0.9920000000000001,0.9853269097222223,0.989330763888889,4.0,288,5.935599999999985,384,4.0,99,4.0,288,2.9951999999999934,288,0
29,memory,escaped,69,2,True,0.98275,0.988583494363929,0.9850833977455716,1.0,621,17.57240000000028,828,1.0,153,1.0,621,1.2083999999999882,621,0
30,memory,escaped,63,2,True,0.9842500000000001,0.9887656084656085,0.9860562433862434,6.0,567,8.986400000000042,756,6.0,153,6.0,567,5.986799999999983,567,0
31,memory,escaped,52,2,True,0.9870000000000001,0.9774066239316239,0.9831626495726496,13.0,468,10.863200000000054,624,13.0,189,13.0,468,7.867199999999984,468,0
32,memory,escaped,46,2,True,0.9885,0.9892141304347826,0.988785652173913,3.0,414,7.907599999999983,552,3.0,72,3.0,414,1.1255999999999864,414,0
33,memory,escaped,112,2,True,0.9720000000000001,0.9845690476190476,0.9770276190476191,12.0,1008,25.478399999999915,1344,12.0,432,12.0,1008,10.963200000000176,1008,0
34,memory,escaped,8,2,True,0.9980000000000001,0.9948208333333334,0.9967283333333334,0.0,72,0.9943999999999962,96,0.0,36,0.0,72,0.028800000000000023,72,0
35,memory,escaped,38,2,True,0.9905,0.993505701754386,0.9917022807017545,0.0,342,5.922799999999991,456,0.0,81,0.0,342,0.1367999999999998,342,0
36,memory,escaped,53,2,True,0.98675,0.9845202306079665,0.9858580922431865,11.0,477,5.023599999999976,636,11.0,99,11.0,477,5.950799999999994,477,0
37,memory,escaped,178,2,True,0.9555,0.9890540886392011,0.9689216354556804,10.0,1602,33.42759999999961,2136,10.0,774,10.0,1602,13.120800000000402,1602,0
38,memory,escaped,80,2,True,0.9800000000000001,0.9909851388888888,0.9843940555555557,4.0,720,11.975200000000093,960,4.0,117,4.0,720,2.2079999999999695,720,0
39,memory,escaped,75,2,True,0.9812500000000001,0.9877688148148147,0.9838575259259259,4.0,675,16.68280000000019,900,4.0,153,4.0,675,5.069999999999981,675,0
40,memory,escaped,37,2,True,0.99075,0.983805105105105,0.987972042042042,2.0,333,11.714400000000094,444,2.0,63,2.0,333,3.0131999999999923,333,0
41,memory,escaped,62,2,True,0.9845,0.9906841397849462,0.9869736559139786,3.0,558,9.862000000000084,744,3.0,126,3.0,558,1.1831999999999954,558,0
42,memory,escaped,26,2,True,0.9935,0.9743083333333333,0.9858233333333333,9.0,234,4.031599999999992,312,9.0,171,9.0,234,5.853599999999991,234,0
43,memory,escaped,38,2,True,0.9905,0.9846809941520467,0.9881723976608188,1.0,342,12.637600000000118,456,1.0,36,1.0,342,2.0567999999999937,342,0
44,memory,escaped,53,2,True,0.98675,0.9866017819706497,0.9866907127882598,1.0,477,15.70920000000014,636,1.0,117,1.0,477,0.19080000000000136,477,0
45,memory,escaped,47,2,True,0.9882500000000001,0.9895393617021275,0.988765744680851,0.0,423,11.79960000000013,564,0.0,54,0.0,423,0.16920000000000074,423,0
46,memory,escaped,45,2,True,0.98875,0.9861559259259259,0.9877123703703703,6.0,405,6.951599999999979,540,6.0,90,6.0,405,2.0819999999999887,405,0
47,memory,caught,36,0,False,0.0,0.9862587962962963,0.39450351851851856,3.0,324,7.872399999999989,432,3.0,36,3.0,324,2.049599999999999,324,0
48,memory,escaped,75,2,True,0.9812500000000001,0.9873126666666666,0.9836750666666667,6.0,675,14.837200000000104,900,6.0,117,6.0,675,4.109999999999971,675,0
49,memory,escaped,58,2,True,0.9855,0.9836761494252871,0.9847704597701149,6.0,522,14.722800000000257,696,6.0,144,6.0,522,4.048799999999981,522,0
50,memory,escaped,86,2,True,0.9785,0.9876574289405683,0.9821629715762272,8.0,774,14.808400000000276,1032,8.0,234,8.0,774,7.989599999999968,774,0
51,memory,caught,52,0,False,0.0,0.9849538461538461,0.39398153846153844,6.0,468,10.7776000000001,624,6.0,45,6.0,468,3.0671999999999997,468,0
52,memory,escaped,84,2,True,0.9790000000000001,0.9869971560846559,0.9821988624338625,10.0,756,12.880400000000506,1008,10.0,342,10.0,756,7.982399999999975,756,0
53,memory,escaped,61,2,True,0.98475,0.9831857923497267,0.9841243169398907,6.0,549,16.616000000000085,732,6.0,126,6.0,549,5.019599999999984,549,0
54,memory,escaped,56,2,True,0.9860000000000001,0.9891017857142856,0.9872407142857142,0.0,504,14.647200000000142,672,0.0,45,0.0,504,1.161599999999995,504,0
55,memory,escaped,74,2,True,0.9815,0.9928944444444444,0.9860577777777777,2.0,666,9.952800000000078,888,2.0,252,2.0,666,4.106399999999987,666,0
56,memory,escaped,58,2,True,0.9855,0.981784865900383,0.9840139463601533,8.0,522,14.688800000000192,696,8.0,99,8.0,522,4.048799999999986,522,0
57,memory,escaped,49,2,True,0.9877500000000001,0.9817749433106574,0.985359977324263,8.0,441,10.766000000000174,588,8.0,90,8.0,441,4.976399999999983,441,0
58,memory,escaped,49,2,True,0.9877500000000001,0.9827730158730158,0.9857592063492063,7.0,441,10.925600000000074,588,7.0,72,7.0,441,3.0563999999999947,441,0
59,memory,escaped,65,2,True,0.9837500000000001,0.9944034188034189,0.9880113675213676,2.0,585,6.063999999999972,780,2.0,216,2.0,585,1.193999999999986,585,0
60,memory,escaped,43,2,True,0.9892500000000001,0.9933096899224806,0.9908738759689923,0.0,387,6.904399999999986,516,0.0,9,0.0,387,0.15480000000000033,387,0
61,memory,escaped,81,2,True,0.9797500000000001,0.9902126886145404,0.9839350754458163,1.0,729,17.693200000000168,972,1.0,108,1.0,729,2.2115999999999842,729,0
62,memory,escaped,55,2,True,0.9862500000000001,0.9822261616161614,0.9846404646464646,8.0,495,12.794800000000228,660,8.0,225,8.0,495,4.997999999999986,495,0
63,memory,escaped,78,2,True,0.9805,0.9792159544159543,0.9799863817663819,13.0,702,21.57440000000011,936,13.0,297,13.0,702,8.920800000000021,702,0
0,no_planning,escaped,60,2,True,0.9850000000000001,0.9867930762721977,0.9857172305088792,5.330759159273986,540,11.910291289003279,720,5.330568056421286,162,9.0,540,5.015999999999977,540,408
1,no_planning,caught,82,2,False,0.2,0.9864772899155494,0.5145909159662198,9.326754709668457,738,14.177020499974287,984,9.32637191307841,162,18.0,738,9.895199999999976,738,565
2,no_planning,escaped,33,2,True,0.99175,0.9886041102368495,0.9904916440947398,2.654529921187006,297,5.486171464165884,396,2.6543618296689635,171,4.0,297,2.9987999999999904,297,231
3,no_planning,escaped,59,2,True,0.9852500000000001,0.9937159556326842,0.9886363822530737,0.022007732910110236,531,8.868863180239002,708,0.021598631727252276,27,0.0,531,0.21240000000000198,531,383
4,no_planning,escaped,52,2,True,0.9870000000000001,0.9817721800404455,0.9849088720161783,4.078380678653285,468,17.310478404652958,624,4.07807193934535,324,5.0,468,4.987199999999983,468,319
5,no_planning,escaped,67,2,True,0.9832500000000001,0.9930074415672494,0.9871529766268998,0.22020242177005186,603,10.950430730836189,804,0.21986944977511264,153,1.0,603,0.2412000000000028,603,446
6,no_planning,escaped,62,2,True,0.9845,0.9879659312446157,0.9858863724978464,3.2187721855285587,558,13.614998060640342,744,3.2183708410391394,153,6.0,558,3.1031999999999935,558,400
7,no_planning,escaped,17,2,True,0.99575,0.9951153918820846,0.995496156752834,0.0003778016190376188,153,1.992416376617417,204,0,0,0.0,153,0.06119999999999985,153,108
8,no_planning,escaped,37,2,True,0.99075,0.9939915432348263,0.9920466172939306,2.0957357341570093,333,2.541195295264925,444,2.0954980159948677,72,2.0,333,3.013199999999988,333,265
9,no_planning,caught,22,1,False,0.1,0.9853988913802428,0.45415955655209717,4.2692052173811,198,2.0171117280569684,264,4.268818942055808,117,6.0,198,4.879199999999998,198,154
10,no_planning,escaped,77,2,True,0.98075,0.9872035758453075,0.9833314303381231,9.405235437631983,693,11.10747792102905,924,9.404871968231332,405,17.0,693,9.877200000000045,693,519
11,no_planning,escaped,64,2,True,0.9840000000000001,0.9935377723817849,0.9878151089527141,0.041448400632438376,576,9.870717087401905,768,0.041052590302330355,108,0.0,576,0.2304000000000025,576,373
12,no_planning,escaped,18,2,True,0.9955,0.992410965987121,0.9942643863948485,0.9515348994837513,162,2.0097494942520515,216,0.9511749329640821,45,1.0,162,1.0247999999999977,162,117
13,no_planning,escaped,61,2,True,0.98475,0.9822599214767562,0.9837539685907025,9.850069339097889,549,12.83804917256501,732,9.849700130808184,207,16.0,549,10.779600000000174,549,412
14,no_planning,caught,35,1,False,0.1,0.984939351926843,0.4539757407707372,5.544372577213787,315,5.258447611833505,420,5.544001448130777,144,9.0,315,5.885999999999995,315,214
15,no_planning,escaped,42,2,True,0.9895,0.9859231051490036,0.9880692420596014,3.2576411405615224,378,9.845988489055683,504,3.257261627020269,81,4.0,378,3.9911999999999868,378,293
16,no_planning,escaped,40,2,True,0.9900000000000001,0.9897996832190772,0.989919873287631,0.01768040803426676,360,9.768730232306872,480,0.017307983389151245,18,0.0,360,0.14400000000000002,360,270
17,no_planning,escaped,75,2,True,0.9812500000000001,0.9895674618486562,0.9845769847394625,2.231845591006606,675,15.802774551076753,900,2.2315021888994337,207,4.0,675,2.189999999999996,675,480
18,no_planning,escaped,75,2,True,0.9812500000000001,0.9869161450807309,0.9835164580322924,3.5392750896000127,675,18.8319054018844,900,3.538861050510664,135,5.0,675,4.109999999999993,675,489
19,no_planning,caught,71,1,False,0.1,0.9861678405353538,0.45446713621414153,7.8676611540699195,639,13.079784855663956,852,7.867307880119618,288,11.0,639,8.895599999999977,639,475
20,no_planning,escaped,57,2,True,0.9857500000000001,0.9922929216715088,0.9883671686686035,1.0967472556074613,513,9.080953479232695,684,1.096377568857675,72,1.0,513,2.125199999999984,513,374
21,no_planning,escaped,20,2,True,0.9950000000000001,0.9900020803514924,0.9930008321405971,1.1708757137849999,180,3.2378338129036375,240,1.170608825679545,63,2.0,180,1.0319999999999936,180,134
22,no_planning,escaped,72,2,True,0.9820000000000001,0.9854232052026075,0.9833692820810431,12.082154406049874,648,9.079162201827808,864,12.081784688717951,216,18.0,648,13.699200000000086,648,487
23,no_planning,caught,14,1,False,0.1,0.9868506776547677,0.4547402710619071,1.8028256239977836,126,2.014404809334324,168,1.8024953569246973,27,3.0,126,1.9703999999999993,126,98
24,no_planning,escaped,84,2,True,0.9790000000000001,0.9871403916441934,0.9822561566576774,4.258884779560371,756,20.246457405892254,1008,4.258507219163478,306,5.0,756,6.062399999999969,756,565
25,no_planning,escaped,26,2,True,0.9935,0.9910389375382294,0.9925155750152918,1.2114137412715695,234,3.9764846544494645,312,1.2110030441115713,54,2.0,234,1.0535999999999974,234,178
26,no_planning,escaped,81,2,True,0.9797500000000001,0.9885064037619233,0.9832525615047695,4.956026542041083,729,15.735515697432954,972,4.955657744194859,225,6.0,729,6.05159999999997,729,569
27,no_planning,escaped,53,2,True,0.98675,0.9856535656620801,0.986311426264832,4.870236988102739,477,11.755015160363778,636,4.870004400883158,171,5.0,477,7.8707999999999805,477,369
28,no_planning,escaped,32,2,True,0.9920000000000001,0.9881692136676504,0.9904676854670602,2.3870189136884363,288,5.903352018326555,384,2.3866805487588265,99,4.0,288,2.9951999999999934,288,245
29,no_planning,escaped,69,2,True,0.98275,0.9884867953213105,0.9850447181285242,1.0365290081855207,621,17.683828270329236,828,1.0361432884776869,153,1.0,621,1.2083999999999882,621,451
30,no_planning,escaped,63,2,True,0.9842500000000001,0.9907094408475822,0.9868337763390329,4.5079955682150175,567,8.03666468083569,756,4.5075826583734795,153,6.0,567,5.986799999999983,567,392
31,no_planning,escaped,52,2,True,0.9870000000000001,0.9836808460601816,0.9856723384240726,7.299235765064454,468,10.633989763474155,624,7.298871837648994,189,13.0,468,7.867199999999984,468,344
32,no_planning,escaped,46,2,True,0.9885,0.9912767184097401,0.989610687363896,1.2920443795152214,414,7.907777036293285,552,1.291696330959902,72,3.0,414,1.1255999999999864,414,309
33,no_planning,escaped,112,2,True,0.9720000000000001,0.9854484362390347,0.977379374495614,9.328442809638236,1008,26.67667964329054,1344,9.328038254091444,432,12.0,1008,10.963200000000176,1008,710
34,no_planning,escaped,8,2,True,0.9980000000000001,0.994007149790619,0.9964028599162476,0.026149180209924777,72,1.115761666587928,96,0.02586455005015834,36,0.0,72,0.028800000000000023,72,51
35,no_planning,escaped,38,2,True,0.9905,0.9934475420495393,0.9916790168198157,0.0407545996133296,342,5.9215021846690625,456,0.04046311946074726,81,0.0,342,0.1367999999999998,342,255
36,no_planning,escaped,53,2,True,0.98675,0.9901335510948849,0.988103420437954,5.629821996255696,477,5.043693678965567,636,5.629464564258278,99,11.0,477,5.950799999999994,477,328
37,no_planning,escaped,178,2,True,0.9555,0.9893492828730208,0.9690397131492083,8.71593348172733,1602,33.8786189241519,2136,8.71566385135084,774,10.0,1602,13.120800000000402,1602,1170
38,no_planning,escaped,80,2,True,0.9800000000000001,0.9926942982234657,0.9850777192893864,2.2050385123315284,720,11.086896061170602,960,2.204658731505826,117,4.0,720,2.2079999999999695,720,522
39,no_planning,escaped,75,2,True,0.9812500000000001,0.9882836394803355,0.9840634557921342,3.7465148558755845,675,16.094095794228675,900,3.7461544971570473,153,4.0,675,5.069999999999981,675,470
40,no_planning,escaped,37,2,True,0.99075,0.9846111450238283,0.9882944580095314,1.8888943957079294,333,11.146777357896527,444,1.888509032822528,63,2.0,333,3.0131999999999923,333,227
41,no_planning,escaped,62,2,True,0.9845,0.9921293595304752,0.9875517438121901,1.2993925945606313,558,9.978989559238647,744,1.298971066774167,126,3.0,558,1.1831999999999954,558,432
42,no_planning,escaped,26,2,True,0.9935,0.9820355122617851,0.988914204904714,5.648218002810803,234,3.6788830115650506,312,5.647995357479176,171,9.0,234,5.853599999999991,234,177
43,no_planning,escaped,38,2,True,0.9905,0.9844591894307703,0.9880836757723082,1.1547925796634317,342,12.633495799586322,456,1.154378247683825,36,1.0,342,2.0567999999999937,342,265
44,no_planning,escaped,53,2,True,0.98675,0.9869896605419841,0.9868458642167937,0.28017456854287837,477,16.175585699205715,636,0.27982107454543736,117,1.0,477,0.19080000000000136,477,345
45,no_planning,escaped,47,2,True,0.9882500000000001,0.9903632676174051,0.989095307046962,0.03193549919504469,423,10.827653461973684,564,0.031597993396828984,54,0.0,423,0.16920000000000074,423,297
46,no_planning,escaped,45,2,True,0.98875,0.9911304801821069,0.9897021920728427,2.4054350228269903,405,6.371834706221884,540,2.405050950472668,90,6.0,405,2.0819999999999887,405,310
47,no_planning,caught,36,0,False,0.0,0.9881679082105157,0.3952671632842063,1.8604937466608718,324,7.742268977233256,432,1.8600873160579874,36,3.0,324,2.049599999999999,324,235
48,no_planning,escaped,75,2,True,0.9812500000000001,0.9892046812533609,0.9844318725013443,3.8686826037740243,675,14.273330272251682,900,3.8683862666559485,117,6.0,675,4.109999999999971,675,499
49,no_planning,escaped,58,2,True,0.9855,0.9855282569113027,0.9855113027645211,4.0020699740001575,522,14.808573080799624,696,4.001693497130831,144,6.0,522,4.048799999999981,522,389
50,no_planning,escaped,86,2,True,0.9785,0.9884657000127495,0.9824862800050997,6.353743477588694,774,15.335137203566786,1032,6.353416137813243,234,8.0,774,7.989599999999968,774,572
51,no_planning,caught,52,0,False,0.0,0.988189102364549,0.39527564094581963,2.9816529307141377,468,10.764463008090592,624,2.9812560410712776,45,6.0,468,3.0671999999999997,468,370
52,no_planning,escaped,84,2,True,0.9790000000000001,0.9897613159166376,0.9833045263666551,6.135445852167209,756,12.460592642502348,1008,6.135065774726264,342,10.0,756,7.982399999999975,756,561
53,no_planning,escaped,61,2,True,0.98475,0.9852033494022769,0.9849313397609107,4.125048063150857,549,16.162232390865338,732,4.124646307530021,126,6.0,549,5.019599999999984,549,434
54,no_planning,escaped,56,2,True,0.9860000000000001,0.9887068167331402,0.9870827266932561,0.3977820886176056,504,14.647662192502715,672,0.3973552526815011,45,0.0,504,1.161599999999995,504,383
55,no_planning,escaped,74,2,True,0.9815,0.9930913418201814,0.9861365367280726,2.085991223214275,666,9.488455296405379,888,2.085595747337075,252,2.0,666,4.106399999999987,666,505
56,no_planning,escaped,58,2,True,0.9855,0.9863716037249577,0.9858486414899832,3.8013112778109024,522,13.902312577777682,696,3.8009971037946095,99,8.0,522,4.048799999999986,522,371
57,no_planning,escaped,49,2,True,0.9877500000000001,0.9850552165038611,0.9866720866015445,5.0151647339044505,441,10.88817907958679,588,5.014768061716344,90,8.0,441,4.976399999999983,441,361
58,no_planning,escaped,49,2,True,0.9877500000000001,0.9884350688096913,0.9880240275238765,3.269245132525861,441,9.24136556976856,588,3.2688909399584327,72,7.0,441,3.0563999999999947,441,325
59,no_planning,escaped,65,2,True,0.9837500000000001,0.9945001873278094,0.9880500749311238,1.2165780146878415,585,6.9576037490335505,780,1.2162178698713626,216,2.0,585,1.193999999999986,585,428
60,no_planning,escaped,43,2,True,0.9892500000000001,0.9933132270992285,0.9908752908396914,0.006793689657694443,387,6.891691380719246,516,0.006407239299051996,9,0.0,387,0.15480000000000033,387,270
61,no_planning,escaped,81,2,True,0.9797500000000001,0.9902440943166638,0.9839476377266656,1.3797072656281186,729,17.12587096090135,972,1.3792886424801352,108,1.0,729,2.2115999999999842,729,554
62,no_planning,escaped,55,2,True,0.9862500000000001,0.9850113674809805,0.9857545469923923,5.005722712023586,495,13.110697975740985,660,5.00539157174139,225,8.0,495,4.997999999999986,495,341
63,no_planning,escaped,78,2,True,0.9805,0.9830156139718937,0.9815062455887575,8.447196272752816,702,20.531842280944485,936,8.44679742154265,297,13.0,702,8.920800000000021,702,522
0,predictive,escaped,60,2,True,0.9850000000000001,0.9867930762721977,0.9857172305088792,5.330759159273986,540,11.910291289003279,720,5.330568056421286,162,9.0,540,5.015999999999977,540,408
1,predictive,caught,13,0,False,0.0,0.9932088198798001,0.39728352795192007,0.9019705143875146,117,0.9162208449856554,156,0.9016014323497253,27,1.0,117,1.0067999999999997,117,85
2,predictive,escaped,31,2,True,0.9922500000000001,0.9865541645338453,0.9899716658135382,3.403633311084719,279,5.465523838706143,372,3.4034737778149977,189,4.0,279,3.9515999999999902,279,215
3,predictive,escaped,91,2,True,0.9772500000000001,0.9904162047745219,0.9825164819098088,2.2636186498658732,819,17.912850572623164,1092,2.2632065140522113,162,4.0,819,2.247599999999973,819,600
4,predictive,escaped,40,2,True,0.9900000000000001,0.981209669353423,0.9864838677413693,2.998761589684232,360,14.040368634468217,480,2.998429201686833,207,6.0,360,3.023999999999988,360,256
5,predictive,escaped,68,2,True,0.9830000000000001,0.9935965898362764,0.9872386359345106,0.22030979480535445,612,10.156618994123026,816,0.21997655459833487,144,1.0,612,0.2448000000000029,612,454
6,predictive,escaped,53,2,True,0.98675,0.9872102237131153,0.9869340894852461,4.808971072592589,477,9.856634006793831,636,4.8085792557507485,126,7.0,477,6.910799999999991,477,331
7,predictive,escaped,17,2,True,0.99575,0.9951153918820846,0.995496156752834,0.0003778016190376188,153,1.992416376617417,204,0,0,0.0,153,0.06119999999999985,153,108
8,predictive,escaped,38,2,True,0.9905,0.993966361549656,0.9918865446198625,2.100206872741938,342,2.7024024363911345,456,2.099964632509627,81,4.0,342,2.0567999999999875,342,269
9,predictive,escaped,61,2,True,0.98475,0.9890714321188085,0.9864785728475234,1.7238165266836398,549,13.70100134248608,732,1.7234165307189195,90,3.0,549,2.139599999999983,549,435
10,predictive,escaped,96,2,True,0.9760000000000001,0.9873876614442356,0.9805550645776943,11.000257124521278,864,14.391818533119368,1152,10.999862300390605,279,18.0,864,11.865600000000073,864,652
11,predictive,escaped,61,2,True,0.98475,0.9912667657808284,0.9873567063123314,2.7820100483241563,549,9.076108165768277,732,2.7816118392647486,117,3.0,549,4.05959999999999,549,358
12,predictive,escaped,18,2,True,0.9955,0.992410965987121,0.9942643863948485,0.9515348994837513,162,2.0097494942520515,216,0.9511749329640821,45,1.0,162,1.0247999999999977,162,117
13,predictive,escaped,65,2,True,0.9837500000000001,0.9839472132275218,0.9838288852910088,7.718258096010959,585,14.751336570384815,780,7.717872867039472,180,15.0,585,7.913999999999985,585,436
14,predictive,escaped,78,2,True,0.9805,0.9884244800882054,0.9836697920352822,4.767876414305321,702,15.312204722472497,936,4.767495952183217,252,7.0,702,6.040799999999978,702,491
15,predictive,escaped,40,2,True,0.9900000000000001,0.9880704967677811,0.9892281987071125,2.6690765836534416,360,7.893554324725483,480,2.668705381559895,81,3.0,360,3.983999999999986,360,271
16,predictive,escaped,36,2,True,0.9910000000000001,0.9887178391002726,0.9900871356401091,0.00039022864498412097,324,9.74726671250453,432,0,0,0.0,324,0.1295999999999996,324,249
17,predictive,escaped,73,2,True,0.9817500000000001,0.9878408424350812,0.9841863369740326,5.563094175427404,657,13.88538515316779,876,5.562750621830185,207,7.0,657,7.9427999999999805,657,486
18,predictive,escaped,66,2,True,0.9835,0.9896189707289484,0.9859475882915794,0.6152162624042417,594,15.623262015473257,792,0.6148104711703124,81,1.0,594,1.197599999999997,594,409
19,predictive,caught,30,0,False,0.0,0.9866839066917041,0.3946735626766817,1.3283833923548252,270,7.816409325499934,360,1.3280295565573264,99,2.0,270,2.027999999999998,270,192
20,predictive,escaped,62,2,True,0.9845,0.9916457054282282,0.9873582821712913,1.062173429438508,558,11.014959083545085,744,1.0618068864706478,36,1.0,558,2.1431999999999816,558,394
21,predictive,escaped,16,2,True,0.9960000000000001,0.990611933686224,0.9938447734744896,1.1235663356820809,144,2.1069290169138735,192,1.1233167765309966,54,1.0,144,1.977599999999995,144,105
22,predictive,caught,58,2,False,0.2,0.9879059130982851,0.515162365239314,7.966114358298192,522,6.2134831561228605,696,7.965746103867624,153,13.0,522,8.848799999999994,522,372
23,predictive,escaped,22,2,True,0.9945,0.9908685939600235,0.9930474375840095,2.0642291958408525,198,2.0690767946531197,264,2.0638912766770097,45,4.0,198,1.999199999999996,198,157
24,predictive,escaped,71,2,True,0.9822500000000001,0.9871310011932363,0.9842024004772946,3.137094164037306,639,17.745981748008905,852,3.1367447916305142,207,4.0,639,4.095599999999974,639,483
25,predictive,escaped,69,2,True,0.98275,0.9889280110098818,0.9852212044039528,5.596843234495358,621,10.872756121641924,828,5.596432416612775,117,10.0,621,6.008399999999998,621,454
26,predictive,caught,72,2,False,0.2,0.9889879783087058,0.5155951913234823,3.936147379377877,648,13.780576976719193,864,3.935778754664884,171,5.0,648,5.059199999999974,648,502
27,predictive,escaped,53,2,True,0.98675,0.9853349667846764,0.9861839867138705,5.175839923254267,477,11.752802352219327,636,5.175605787197276,171,5.0,477,8.83080000000012,477,370
28,predictive,escaped,32,2,True,0.9920000000000001,0.9881692136676504,0.9904676854670602,2.3870189136884363,288,5.903352018326555,384,2.3866805487588265,99,4.0,288,2.9951999999999934,288,245
29,predictive,escaped,36,2,True,0.9910000000000001,0.9860026867872012,0.9890010747148805,2.3506515381836697,324,8.959476564946609,432,2.350259224351276,117,4.0,324,3.0095999999999945,324,255
30,predictive,escaped,16,2,True,0.9960000000000001,0.9973308199870198,0.996532327994808,0.00040428561812586825,144,1.0244260774935507,192,0,0,0.0,144,0.057599999999999874,144,113
31,predictive,escaped,52,2,True,0.9870000000000001,0.9830771754706984,0.9854308701882795,7.850818346386219,468,10.651927217386717,624,7.85047329186129,216,15.0,468,7.867199999999984,468,341
32,predictive,escaped,46,2,True,0.9885,0.9900456200254232,0.9891182480101692,2.293738854864623,414,7.931317018779927,552,2.293386011617625,72,5.0,414,2.0855999999999826,414,309
33,predictive,escaped,87,2,True,0.9782500000000001,0.9871905654288422,0.9818262261715369,3.7530465289820407,783,21.74203734593467,1044,3.752639595170074,216,4.0,783,5.113199999999976,783,562
34,predictive,escaped,8,2,True,0.9980000000000001,0.994007149790619,0.9964028599162476,0.026149180209924777,72,1.115761666587928,96,0.02586455005015834,36,0.0,72,0.028800000000000023,72,51
35,predictive,escaped,19,2,True,0.9952500000000001,0.999759340040049,0.9970537360160197,0.02312776088853738,171,0.07890392721960927,228,0.022830965127668426,18,0.0,171,0.06839999999999981,171,131
36,predictive,escaped,53,2,True,0.98675,0.9901152337687315,0.9880960935074925,5.646416163906089,477,5.044867760965459,636,5.646057540607881,90,11.0,477,5.950799999999994,477,328
37,predictive,caught,65,2,False,0.2,0.9900869372925489,0.5160347749170195,2.0420837563249385,585,12.741599481857127,780,2.041816759710845,171,2.0,585,4.073999999999975,585,403
38,predictive,escaped,62,2,True,0.9845,0.993490928286113,0.9880963713144453,3.2356518130478977,558,5.37129629286673,744,3.235262282899303,99,4.0,558,5.023199999999976,558,400
39,predictive,escaped,75,2,True,0.9812500000000001,0.9888175462958902,0.9842770185183561,3.3698427152228128,675,15.635293047100431,900,3.3694578077748187,153,4.0,675,4.109999999999981,675,480
40,predictive,caught,59,2,False,0.2,0.984763372327416,0.5139053489309664,3.0146199927461064,531,17.55557146071753,708,3.0142418803666793,108,5.0,531,3.0923999999999903,531,390
41,predictive,escaped,60,2,True,0.9850000000000001,0.9911462977254637,0.9874585190901856,2.077208837077481,540,9.979719492562259,720,2.0767996040893997,144,3.0,540,2.1359999999999957,540,424
42,predictive,escaped,63,2,True,0.9842500000000001,0.9893595406380807,0.9862938162552324,4.021614978754396,567,10.726221250216087,756,4.02132185578858,198,5.0,567,5.026799999999977,567,406
43,predictive,escaped,51,2,True,0.9872500000000001,0.9786925528068983,0.9838270211227593,9.12851484078983,459,13.908962243303389,612,9.128099024835006,162,15.0,459,9.78360000000006,459,346
44,predictive,escaped,66,2,True,0.9835,0.9853537769502311,0.9842415107800924,2.410466132602647,594,19.985662467363788,792,2.4100924676206366,171,5.0,594,2.1575999999999853,594,443
45,predictive,escaped,44,2,True,0.9890000000000001,0.9907062224846802,0.9896824889938721,0.029164829995236136,396,9.77534261618403,528,0.02881084098632098,45,0.0,396,0.15840000000000043,396,274
46,predictive,escaped,45,2,True,0.98875,0.9911304801821069,0.9897021920728427,2.4054350228269903,405,6.371834706221884,540,2.405050950472668,90,6.0,405,2.0819999999999887,405,310
47,predictive,escaped,65,2,True,0.9837500000000001,0.9842983996464146,0.9839693598585659,6.162555280961949,585,16.277756176977196,780,6.162145164725537,162,10.0,585,6.95399999999999,585,420
48,predictive,escaped,77,2,True,0.98075,0.9899250821416218,0.9844200328566488,1.5488321319285858,693,16.55333869304486,924,1.5484988030228841,72,5.0,693,1.23719999999997,693,520
49,predictive,escaped,58,2,True,0.9855,0.9841965212785674,0.984978608511427,5.455693219923891,522,14.724184753669089,696,5.455319354282413,180,7.0,522,6.928799999999981,522,392
50,predictive,escaped,55,2,True,0.9862500000000001,0.9856983218895633,0.9860293287558253,6.255427348333301,495,10.537645307998726,660,6.2551153328638485,171,10.0,495,6.917999999999981,495,360
51,predictive,escaped,91,2,True,0.9772500000000001,0.9880647313519775,0.981575892540791,4.779700837146547,819,19.693692277752536,1092,4.779301405675299,198,9.0,819,6.087599999999987,819,662
52,predictive,caught,46,1,False,0.1,0.9796912801624025,0.451876512064961,7.989286393349944,414,11.768444842907678,552,7.988908264665277,243,10.0,414,9.765600000000008,414,287
53,predictive,escaped,63,2,True,0.9842500000000001,0.9849685538618468,0.9845374215447388,4.5563114728495835,567,16.652464597088297,756,4.555938437606074,171,7.0,567,5.026799999999978,567,428
54,predictive,escaped,56,2,True,0.9860000000000001,0.9861823375004412,0.9860729350001765,2.901741280612547,504,14.701950025257021,672,2.9013210073044577,153,5.0,504,3.081599999999985,504,389
55,predictive,escaped,62,2,True,0.9845,0.9918053206866693,0.9874221282746678,3.7374407217697265,558,7.210428522543141,744,3.737036160361512,180,6.0,558,4.063199999999987,558,425
56,predictive,caught,30,1,False,0.1,0.9814760899812047,0.4525904359924819,5.036968731772933,270,6.621256904502032,360,5.03680074108793,135,8.0,270,5.867999999999989,270,189
57,predictive,escaped,49,2,True,0.9877500000000001,0.9843114917636738,0.9863745967054696,5.61946603155063,441,10.957064310518694,588,5.619078448248765,99,8.0,441,5.936399999999982,441,359
58,predictive,escaped,49,2,True,0.9877500000000001,0.9884350688096913,0.9880240275238765,3.269245132525861,441,9.24136556976856,588,3.2688909399584327,72,7.0,441,3.0563999999999947,441,325
59,predictive,escaped,67,2,True,0.9832500000000001,0.9933427853156152,0.987287114126246,3.0621611373198827,603,6.62191969606431,804,3.061783609944625,252,4.0,603,3.1211999999999844,603,453
60,predictive,escaped,43,2,True,0.9892500000000001,0.9933132270992285,0.9908752908396914,0.006793689657694443,387,6.891691380719246,516,0.006407239299051996,9,0.0,387,0.15480000000000033,387,270
61,predictive,escaped,76,2,True,0.9810000000000001,0.9893130458261337,0.9843252183304535,2.5202091187498743,684,16.13272558813234,912,2.5197913178975067,117,3.0,684,3.153599999999986,684,485
62,predictive,escaped,47,2,True,0.9882500000000001,0.9854671164552672,0.9871368465821069,1.9048606131254255,423,13.853278487624745,564,1.9045337517346264,171,4.0,423,2.089199999999992,423,307
63,predictive,escaped,41,2,True,0.9897500000000001,0.9909777291842382,0.9902410916736955,0.029092640501069435,369,8.839124295374797,492,0.028691381038731336,45,0.0,369,0.14760000000000012,369,263
0,reactive,caught,33,0,False,0.0,0.75,0.30000000000000004,74.25,297,99.0,396,31.5,126,5.0,297,2.9987999999999877,297,0
1,reactive,caught,18,0,False,0.0,0.75,0.30000000000000004,40.5,162,54.0,216,11.25,45,4.0,162,3.9047999999999985,162,0
2,reactive,caught,12,0,False,0.0,0.75,0.30000000000000004,27.0,108,36.0,144,20.25,81,5.0,108,5.803199999999998,108,0
3,reactive,caught,95,0,False,0.0,0.75,0.30000000000000004,213.75,855,285.0,1140,56.25,225,6.0,855,6.101999999999964,855,0
4,reactive,caught,86,0,False,0.0,0.75,0.30000000000000004,193.5,774,258.0,1032,40.5,162,8.0,774,6.069599999999998,774,0
5,reactive,caught,9,0,False,0.0,0.75,0.30000000000000004,20.25,81,27.0,108,9.0,36,6.0,81,2.912399999999999,81,0
6,reactive,timeout,200,0,False,0.0,0.75,0.30000000000000004,450.0,1800,600.0,2400,99.0,396,9.0,1800,9.360000000000706,1800,0
7,reactive,caught,88,0,False,0.0,0.75,0.30000000000000004,198.0,792,264.0,1056,56.25,225,5.0,792,11.836800000000089,792,0
8,reactive,caught,12,0,False,0.0,0.75,0.30000000000000004,27.0,108,36.0,144,9.0,36,3.0,108,1.9631999999999992,108,0
9,reactive,caught,196,1,False,0.1,0.75,0.36000000000000004,441.0,1764,588.0,2352,40.5,162,13.0,1764,8.385599999999991,1764,0
10,reactive,caught,25,0,False,0.0,0.75,0.30000000000000004,56.25,225,75.0,300,22.5,90,6.0,225,2.969999999999996,225,0
11,reactive,caught,89,0,False,0.0,0.75,0.30000000000000004,200.25,801,267.0,1068,11.25,45,1.0,801,1.2804000000000049,801,0
12,reactive,timeout,200,0,False,0.0,0.75,0.30000000000000004,450.0,1800,600.0,2400,112.5,450,10.0,1800,10.320000000000235,1800,0
13,reactive,caught,108,0,False,0.0,0.75,0.30000000000000004,243.0,972,324.0,1296,38.25,153,8.0,972,6.148799999999994,972,0
14,reactive,caught,29,0,False,0.0,0.75,0.30000000000000004,65.25,261,87.0,348,24.75,99,2.0,261,2.984399999999991,261,0
15,reactive,caught,78,1,False,0.1,0.75,0.36000000000000004,175.5,702,234.0,936,54.0,216,12.0,702,10.840799999999994,702,0
16,reactive,caught,134,2,False,0.2,0.75,0.42000000000000004,301.5,1206,402.0,1608,72.0,288,22.0,1206,14.882400000000056,1206,0
17,reactive,caught,19,0,False,0.0,0.75,0.30000000000000004,42.75,171,57.0,228,31.5,126,11.0,171,5.828399999999995,171,0
18,reactive,caught,131,1,False,0.1,0.75,0.36000000000000004,294.75,1179,393.0,1572,11.25,45,2.0,1179,1.431600000000009,1179,0
19,reactive,timeout,200,0,False,0.0,0.75,0.30000000000000004,450.0,1800,600.0,2400,101.25,405,18.0,1800,16.08000000000005,1800,0
20,reactive,timeout,200,1,False,0.1,0.75,0.36000000000000004,450.0,1800,600.0,2400,123.75,495,20.0,1800,16.080000000000226,1800,0
21,reactive,caught,26,0,False,0.0,0.75,0.30000000000000004,58.5,234,78.0,312,47.25,189,9.0,234,8.7336,234,0
22,reactive,caught,146,0,False,0.0,0.75,0.30000000000000004,328.5,1314,438.0,1752,114.75,459,35.0,1314,21.645600000000307,1314,0
23,reactive,caught,91,1,False,0.1,0.75,0.36000000000000004,204.75,819,273.0,1092,87.75,351,13.0,819,9.92759999999999,819,0
24,reactive,caught,154,0,False,0.0,0.75,0.30000000000000004,346.5,1386,462.0,1848,110.25,441,8.0,1386,9.19440000000011,1386,0
25,reactive,caught,124,2,False,0.2,0.75,0.42000000000000004,279.0,1116,372.0,1488,60.75,243,6.0,1116,3.3263999999999787,1116,0
26,reactive,caught,110,0,False,0.0,0.75,0.30000000000000004,247.5,990,330.0,1320,94.5,378,11.0,990,5.195999999999979,990,0
27,reactive,caught,92,0,False,0.0,0.75,0.30000000000000004,207.0,828,276.0,1104,103.5,414,17.0,828,18.571200000000182,828,0
28,reactive,caught,6,0,False,0.0,0.75,0.30000000000000004,13.5,54,18.0,72,11.25,45,7.0,54,1.9415999999999989,54,0
29,reactive,caught,194,1,False,0.1,0.75,0.36000000000000004,436.5,1746,582.0,2328,63.0,252,15.0,1746,9.338399999999995,1746,0
30,reactive,timeout,200,2,False,0.2,0.75,0.42000000000000004,450.0,1800,600.0,2400,78.75,315,20.0,1800,10.320000000000816,1800,0
31,reactive,timeout,200,2,False,0.2,0.75,0.42000000000000004,450.0,1800,600.0,2400,153.0,612,18.0,1800,20.879999999999754,1800,0
32,reactive,caught,30,0,False,0.0,0.75,0.30000000000000004,67.5,270,90.0,360,51.75,207,12.0,270,12.588000000000086,270,0
33,reactive,timeout,200,1,False,0.1,0.75,0.36000000000000004,450.0,1800,600.0,2400,90.0,360,16.0,1800,12.240000000000311,1800,0
34,reactive,escaped,48,2,True,0.9880000000000001,0.75,0.8928,108.0,432,144.0,576,90.0,360,17.0,432,13.612800000000135,432,0
35,reactive,caught,77,0,False,0.0,0.75,0.30000000000000004,173.25,693,231.0,924,81.0,324,11.0,693,10.837200000000117,693,0
36,reactive,caught,181,0,False,0.0,0.75,0.30000000000000004,407.25,1629,543.0,2172,56.25,225,11.0,1629,8.331599999999971,1629,0
37,reactive,timeout,200,1,False,0.1,0.75,0.36000000000000004,450.0,1800,600.0,2400,38.25,153,2.0,1800,2.639999999999926,1800,0
38,reactive,caught,13,0,False,0.0,0.75,0.30000000000000004,29.25,117,39.0,156,13.5,54,4.0,117,1.9667999999999968,117,0
39,reactive,caught,102,0,False,0.0,0.75,0.30000000000000004,229.5,918,306.0,1224,20.25,81,4.0,918,2.2872000000000057,918,0
40,reactive,caught,88,0,False,0.0,0.75,0.30000000000000004,198.0,792,264.0,1056,63.0,252,5.0,792,7.9967999999999915,792,0
41,reactive,timeout,200,1,False,0.1,0.75,0.36000000000000004,450.0,1800,600.0,2400,78.75,315,14.0,1800,9.360000000000271,1800,0
42,reactive,caught,9,0,False,0.0,0.75,0.30000000000000004,20.25,81,27.0,108,9.0,36,5.0,81,2.9123999999999985,81,0
43,reactive,caught,77,2,False,0.2,0.75,0.42000000000000004,173.25,693,231.0,924,18.0,72,3.0,693,1.2372000000000034,693,0
44,reactive,timeout,200,2,False,0.2,0.75,0.42000000000000004,450.0,1800,600.0,2400,60.75,243,3.0,1800,2.639999999999967,1800,0
45,reactive,caught,68,0,False,0.0,0.75,0.30000000000000004,153.0,612,204.0,816,69.75,279,18.0,612,12.724800000000066,612,0
46,reactive,timeout,200,2,False,0.2,0.75,0.42000000000000004,450.0,1800,600.0,2400,141.75,567,32.0,1800,24.71999999999901,1800,0
47,reactive,caught,171,0,False,0.0,0.75,0.30000000000000004,384.75,1539,513.0,2052,18.0,72,3.0,1539,2.5355999999999974,1539,0
48,reactive,caught,16,0,False,0.0,0.75,0.30000000000000004,36.0,144,48.0,192,27.0,108,8.0,144,6.777599999999995,144,0
49,reactive,caught,122,0,False,0.0,0.75,0.30000000000000004,274.5,1098,366.0,1464,83.25,333,22.0,1098,25.39919999999961,1098,0
50,reactive,caught,72,0,False,0.0,0.75,0.30000000000000004,162.0,648,216.0,864,40.5,162,7.0,648,3.139199999999997,648,0
51,reactive,timeout,200,0,False,0.0,0.75,0.30000000000000004,450.0,1800,600.0,2400,49.5,198,6.0,1800,5.519999999999961,1800,0
52,reactive,caught,55,0,False,0.0,0.75,0.30000000000000004,123.75,495,165.0,660,47.25,189,7.0,495,7.8779999999999895,495,0
53,reactive,caught,164,2,False,0.2,0.75,0.42000000000000004,369.0,1476,492.0,1968,63.0,252,20.0,1476,12.110400000000284,1476,0
54,reactive,timeout,200,1,False,0.1,0.75,0.36000000000000004,450.0,1800,600.0,2400,137.25,549,29.0,1800,20.88000000000001,1800,0
55,reactive,caught,129,0,False,0.0,0.75,0.30000000000000004,290.25,1161,387.0,1548,42.75,171,5.0,1161,7.184399999999986,1161,0
56,reactive,caught,36,0,False,0.0,0.75,0.30000000000000004,81.0,324,108.0,432,29.25,117,6.0,324,4.929599999999997,324,0
57,reactive,timeout,200,0,False,0.0,0.75,0.30000000000000004,450.0,1800,600.0,2400,168.75,675,47.0,1800,30.479999999998874,1800,0
58,reactive,timeout,200,1,False,0.1,0.75,0.36000000000000004,450.0,1800,600.0,2400,42.75,171,1.0,1800,3.5999999999999703,1800,0
59,reactive,caught,32,0,False,0.0,0.75,0.30000000000000004,72.0,288,96.0,384,20.25,81,1.0,288,1.0751999999999993,288,0
60,reactive,timeout,200,1,False,0.1,0.75,0.36000000000000004,450.0,1800,600.0,2400,177.75,711,32.0,1800,21.83999999999989,1800,0
61,reactive,timeout,200,1,False,0.1,0.75,0.36000000000000004,450.0,1800,600.0,2400,96.75,387,18.0,1800,14.160000000000153,1800,0
62,reactive,caught,75,0,False,0.0,0.75,0.30000000000000004,168.75,675,225.0,900,112.5,450,15.0,675,16.590000000000224,675,0
63,reactive,caught,153,1,False,0.1,0.75,0.36000000000000004,344.25,1377,459.0,1836,47.25,189,6.0,1377,8.230799999999988,1377,0
