regime,case,left,right,selected_states,complete_states,unavailable_states,mean_return_difference_complete_states,scope
uniform,0,learned,frozen_prior,2,2,0,0.0,"Equal state weights within precursor case; complete states only, missingness explicit; no independent-future uncertainty."
uniform,0,known_law,learned,2,2,0,0.0,"Equal state weights within precursor case; complete states only, missingness explicit; no independent-future uncertainty."
uniform,0,known_law,frozen_prior,2,2,0,0.0,"Equal state weights within precursor case; complete states only, missingness explicit; no independent-future uncertainty."
uniform,1,learned,frozen_prior,2,0,2,,"Equal state weights within precursor case; complete states only, missingness explicit; no independent-future uncertainty."
uniform,1,known_law,learned,2,0,2,,"Equal state weights within precursor case; complete states only, missingness explicit; no independent-future uncertainty."
uniform,1,known_law,frozen_prior,2,0,2,,"Equal state weights within precursor case; complete states only, missingness explicit; no independent-future uncertainty."
uniform,2,learned,frozen_prior,2,0,2,,"Equal state weights within precursor case; complete states only, missingness explicit; no independent-future uncertainty."
uniform,2,known_law,learned,2,0,2,,"Equal state weights within precursor case; complete states only, missingness explicit; no independent-future uncertainty."
uniform,2,known_law,frozen_prior,2,0,2,,"Equal state weights within precursor case; complete states only, missingness explicit; no independent-future uncertainty."
uniform,3,learned,frozen_prior,1,1,0,-0.03125,"Equal state weights within precursor case; complete states only, missingness explicit; no independent-future uncertainty."
uniform,3,known_law,learned,1,1,0,0.03125,"Equal state weights within precursor case; complete states only, missingness explicit; no independent-future uncertainty."
uniform,3,known_law,frozen_prior,1,1,0,0.0,"Equal state weights within precursor case; complete states only, missingness explicit; no independent-future uncertainty."
stationary,0,learned,frozen_prior,2,2,0,0.0,"Equal state weights within precursor case; complete states only, missingness explicit; no independent-future uncertainty."
stationary,0,known_law,learned,2,2,0,0.0,"Equal state weights within precursor case; complete states only, missingness explicit; no independent-future uncertainty."
stationary,0,known_law,frozen_prior,2,2,0,0.0,"Equal state weights within precursor case; complete states only, missingness explicit; no independent-future uncertainty."
stationary,1,learned,frozen_prior,2,2,0,0.0,"Equal state weights within precursor case; complete states only, missingness explicit; no independent-future uncertainty."
stationary,1,known_law,learned,2,2,0,0.0,"Equal state weights within precursor case; complete states only, missingness explicit; no independent-future uncertainty."
stationary,1,known_law,frozen_prior,2,2,0,0.0,"Equal state weights within precursor case; complete states only, missingness explicit; no independent-future uncertainty."
stationary,2,learned,frozen_prior,2,1,1,0.0,"Equal state weights within precursor case; complete states only, missingness explicit; no independent-future uncertainty."
stationary,2,known_law,learned,2,1,1,0.0,"Equal state weights within precursor case; complete states only, missingness explicit; no independent-future uncertainty."
stationary,2,known_law,frozen_prior,2,1,1,0.0,"Equal state weights within precursor case; complete states only, missingness explicit; no independent-future uncertainty."
stationary,3,learned,frozen_prior,2,1,1,0.0,"Equal state weights within precursor case; complete states only, missingness explicit; no independent-future uncertainty."
stationary,3,known_law,learned,2,1,1,0.0,"Equal state weights within precursor case; complete states only, missingness explicit; no independent-future uncertainty."
stationary,3,known_law,frozen_prior,2,1,1,0.0,"Equal state weights within precursor case; complete states only, missingness explicit; no independent-future uncertainty."
switch,0,learned,frozen_prior,2,2,0,0.0,"Equal state weights within precursor case; complete states only, missingness explicit; no independent-future uncertainty."
switch,0,known_law,learned,2,2,0,0.0,"Equal state weights within precursor case; complete states only, missingness explicit; no independent-future uncertainty."
switch,0,known_law,frozen_prior,2,2,0,0.0,"Equal state weights within precursor case; complete states only, missingness explicit; no independent-future uncertainty."
switch,1,learned,frozen_prior,2,2,0,0.0,"Equal state weights within precursor case; complete states only, missingness explicit; no independent-future uncertainty."
switch,1,known_law,learned,2,2,0,0.0,"Equal state weights within precursor case; complete states only, missingness explicit; no independent-future uncertainty."
switch,1,known_law,frozen_prior,2,2,0,0.0,"Equal state weights within precursor case; complete states only, missingness explicit; no independent-future uncertainty."
switch,2,learned,frozen_prior,2,1,1,0.0,"Equal state weights within precursor case; complete states only, missingness explicit; no independent-future uncertainty."
switch,2,known_law,learned,2,1,1,0.0,"Equal state weights within precursor case; complete states only, missingness explicit; no independent-future uncertainty."
switch,2,known_law,frozen_prior,2,1,1,0.0,"Equal state weights within precursor case; complete states only, missingness explicit; no independent-future uncertainty."
switch,3,learned,frozen_prior,2,2,0,0.0,"Equal state weights within precursor case; complete states only, missingness explicit; no independent-future uncertainty."
switch,3,known_law,learned,2,2,0,0.0,"Equal state weights within precursor case; complete states only, missingness explicit; no independent-future uncertainty."
switch,3,known_law,frozen_prior,2,2,0,0.0,"Equal state weights within precursor case; complete states only, missingness explicit; no independent-future uncertainty."
