regime,case,state,step,stratum,left,right,different_first_actions,attempted_paired_futures,valid_paired_futures,invalid_paired_futures,mean_return_difference_valid_pairs,mean_collision_difference_valid_pairs,mean_escape_difference_valid_pairs,mean_keys_difference_valid_pairs,mean_door_difference_valid_pairs,mean_transitions_difference_valid_pairs,scope
uniform,0,uniform-0000-014,14,agreement,learned,frozen_prior,False,8,8,0,0.0,0.0,0.0,0.0,0.0,0.0,State mean over valid paired futures only; unavailable is not zero; cases shared across states/regimes.
uniform,0,uniform-0000-014,14,agreement,known_law,learned,False,8,8,0,0.0,0.0,0.0,0.0,0.0,0.0,State mean over valid paired futures only; unavailable is not zero; cases shared across states/regimes.
uniform,0,uniform-0000-014,14,agreement,known_law,frozen_prior,False,8,8,0,0.0,0.0,0.0,0.0,0.0,0.0,State mean over valid paired futures only; unavailable is not zero; cases shared across states/regimes.
uniform,0,uniform-0000-027,27,agreement,learned,frozen_prior,False,8,8,0,0.0,0.0,0.0,0.0,0.0,0.0,State mean over valid paired futures only; unavailable is not zero; cases shared across states/regimes.
uniform,0,uniform-0000-027,27,agreement,known_law,learned,False,8,8,0,0.0,0.0,0.0,0.0,0.0,0.0,State mean over valid paired futures only; unavailable is not zero; cases shared across states/regimes.
uniform,0,uniform-0000-027,27,agreement,known_law,frozen_prior,False,8,8,0,0.0,0.0,0.0,0.0,0.0,0.0,State mean over valid paired futures only; unavailable is not zero; cases shared across states/regimes.
uniform,1,uniform-0001-012,12,agreement,learned,frozen_prior,False,8,0,8,,,,,,,State mean over valid paired futures only; unavailable is not zero; cases shared across states/regimes.
uniform,1,uniform-0001-012,12,agreement,known_law,learned,False,8,0,8,,,,,,,State mean over valid paired futures only; unavailable is not zero; cases shared across states/regimes.
uniform,1,uniform-0001-012,12,agreement,known_law,frozen_prior,False,8,0,8,,,,,,,State mean over valid paired futures only; unavailable is not zero; cases shared across states/regimes.
uniform,1,uniform-0001-020,20,agreement,learned,frozen_prior,False,8,0,8,,,,,,,State mean over valid paired futures only; unavailable is not zero; cases shared across states/regimes.
uniform,1,uniform-0001-020,20,agreement,known_law,learned,False,8,0,8,,,,,,,State mean over valid paired futures only; unavailable is not zero; cases shared across states/regimes.
uniform,1,uniform-0001-020,20,agreement,known_law,frozen_prior,False,8,0,8,,,,,,,State mean over valid paired futures only; unavailable is not zero; cases shared across states/regimes.
uniform,2,uniform-0002-023,23,disagreement,learned,frozen_prior,True,8,0,8,,,,,,,State mean over valid paired futures only; unavailable is not zero; cases shared across states/regimes.
uniform,2,uniform-0002-023,23,disagreement,known_law,learned,True,8,0,8,,,,,,,State mean over valid paired futures only; unavailable is not zero; cases shared across states/regimes.
uniform,2,uniform-0002-023,23,disagreement,known_law,frozen_prior,False,8,0,8,,,,,,,State mean over valid paired futures only; unavailable is not zero; cases shared across states/regimes.
uniform,2,uniform-0002-032,32,disagreement,learned,frozen_prior,True,8,0,8,,,,,,,State mean over valid paired futures only; unavailable is not zero; cases shared across states/regimes.
uniform,2,uniform-0002-032,32,disagreement,known_law,learned,True,8,0,8,,,,,,,State mean over valid paired futures only; unavailable is not zero; cases shared across states/regimes.
uniform,2,uniform-0002-032,32,disagreement,known_law,frozen_prior,False,8,0,8,,,,,,,State mean over valid paired futures only; unavailable is not zero; cases shared across states/regimes.
uniform,3,uniform-0003-033,33,disagreement,learned,frozen_prior,True,8,8,0,-0.03125,0.0,0.0,-0.125,0.0,0.0,State mean over valid paired futures only; unavailable is not zero; cases shared across states/regimes.
uniform,3,uniform-0003-033,33,disagreement,known_law,learned,True,8,8,0,0.03125,0.0,0.0,0.125,0.0,0.0,State mean over valid paired futures only; unavailable is not zero; cases shared across states/regimes.
uniform,3,uniform-0003-033,33,disagreement,known_law,frozen_prior,False,8,8,0,0.0,0.0,0.0,0.0,0.0,0.0,State mean over valid paired futures only; unavailable is not zero; cases shared across states/regimes.
stationary,0,stationary-0000-019,19,agreement,learned,frozen_prior,False,8,8,0,0.0,0.0,0.0,0.0,0.0,0.0,State mean over valid paired futures only; unavailable is not zero; cases shared across states/regimes.
stationary,0,stationary-0000-019,19,agreement,known_law,learned,False,8,8,0,0.0,0.0,0.0,0.0,0.0,0.0,State mean over valid paired futures only; unavailable is not zero; cases shared across states/regimes.
stationary,0,stationary-0000-019,19,agreement,known_law,frozen_prior,False,8,8,0,0.0,0.0,0.0,0.0,0.0,0.0,State mean over valid paired futures only; unavailable is not zero; cases shared across states/regimes.
stationary,0,stationary-0000-032,32,agreement,learned,frozen_prior,False,8,8,0,0.0,0.0,0.0,0.0,0.0,0.0,State mean over valid paired futures only; unavailable is not zero; cases shared across states/regimes.
stationary,0,stationary-0000-032,32,agreement,known_law,learned,False,8,8,0,0.0,0.0,0.0,0.0,0.0,0.0,State mean over valid paired futures only; unavailable is not zero; cases shared across states/regimes.
stationary,0,stationary-0000-032,32,agreement,known_law,frozen_prior,False,8,8,0,0.0,0.0,0.0,0.0,0.0,0.0,State mean over valid paired futures only; unavailable is not zero; cases shared across states/regimes.
stationary,1,stationary-0001-010,10,agreement,learned,frozen_prior,False,8,8,0,0.0,0.0,0.0,0.0,0.0,0.0,State mean over valid paired futures only; unavailable is not zero; cases shared across states/regimes.
stationary,1,stationary-0001-010,10,agreement,known_law,learned,False,8,8,0,0.0,0.0,0.0,0.0,0.0,0.0,State mean over valid paired futures only; unavailable is not zero; cases shared across states/regimes.
stationary,1,stationary-0001-010,10,agreement,known_law,frozen_prior,False,8,8,0,0.0,0.0,0.0,0.0,0.0,0.0,State mean over valid paired futures only; unavailable is not zero; cases shared across states/regimes.
stationary,1,stationary-0001-018,18,agreement,learned,frozen_prior,False,8,8,0,0.0,0.0,0.0,0.0,0.0,0.0,State mean over valid paired futures only; unavailable is not zero; cases shared across states/regimes.
stationary,1,stationary-0001-018,18,agreement,known_law,learned,False,8,8,0,0.0,0.0,0.0,0.0,0.0,0.0,State mean over valid paired futures only; unavailable is not zero; cases shared across states/regimes.
stationary,1,stationary-0001-018,18,agreement,known_law,frozen_prior,False,8,8,0,0.0,0.0,0.0,0.0,0.0,0.0,State mean over valid paired futures only; unavailable is not zero; cases shared across states/regimes.
stationary,2,stationary-0002-014,14,disagreement,learned,frozen_prior,False,8,0,8,,,,,,,State mean over valid paired futures only; unavailable is not zero; cases shared across states/regimes.
stationary,2,stationary-0002-014,14,disagreement,known_law,learned,True,8,0,8,,,,,,,State mean over valid paired futures only; unavailable is not zero; cases shared across states/regimes.
stationary,2,stationary-0002-014,14,disagreement,known_law,frozen_prior,True,8,0,8,,,,,,,State mean over valid paired futures only; unavailable is not zero; cases shared across states/regimes.
stationary,2,stationary-0002-042,42,disagreement,learned,frozen_prior,True,8,8,0,0.0,0.0,0.0,0.0,0.0,0.0,State mean over valid paired futures only; unavailable is not zero; cases shared across states/regimes.
stationary,2,stationary-0002-042,42,disagreement,known_law,learned,True,8,8,0,0.0,0.0,0.0,0.0,0.0,0.0,State mean over valid paired futures only; unavailable is not zero; cases shared across states/regimes.
stationary,2,stationary-0002-042,42,disagreement,known_law,frozen_prior,False,8,8,0,0.0,0.0,0.0,0.0,0.0,0.0,State mean over valid paired futures only; unavailable is not zero; cases shared across states/regimes.
stationary,3,stationary-0003-025,25,disagreement,learned,frozen_prior,True,8,8,0,0.0,0.0,0.0,0.0,0.0,0.0,State mean over valid paired futures only; unavailable is not zero; cases shared across states/regimes.
stationary,3,stationary-0003-025,25,disagreement,known_law,learned,False,8,8,0,0.0,0.0,0.0,0.0,0.0,0.0,State mean over valid paired futures only; unavailable is not zero; cases shared across states/regimes.
stationary,3,stationary-0003-025,25,disagreement,known_law,frozen_prior,True,8,8,0,0.0,0.0,0.0,0.0,0.0,0.0,State mean over valid paired futures only; unavailable is not zero; cases shared across states/regimes.
stationary,3,stationary-0003-036,36,disagreement,learned,frozen_prior,False,8,0,8,,,,,,,State mean over valid paired futures only; unavailable is not zero; cases shared across states/regimes.
stationary,3,stationary-0003-036,36,disagreement,known_law,learned,True,8,0,8,,,,,,,State mean over valid paired futures only; unavailable is not zero; cases shared across states/regimes.
stationary,3,stationary-0003-036,36,disagreement,known_law,frozen_prior,True,8,0,8,,,,,,,State mean over valid paired futures only; unavailable is not zero; cases shared across states/regimes.
switch,0,switch-0000-019,19,agreement,learned,frozen_prior,False,8,8,0,0.0,0.0,0.0,0.0,0.0,0.0,State mean over valid paired futures only; unavailable is not zero; cases shared across states/regimes.
switch,0,switch-0000-019,19,agreement,known_law,learned,False,8,8,0,0.0,0.0,0.0,0.0,0.0,0.0,State mean over valid paired futures only; unavailable is not zero; cases shared across states/regimes.
switch,0,switch-0000-019,19,agreement,known_law,frozen_prior,False,8,8,0,0.0,0.0,0.0,0.0,0.0,0.0,State mean over valid paired futures only; unavailable is not zero; cases shared across states/regimes.
switch,0,switch-0000-032,32,agreement,learned,frozen_prior,False,8,8,0,0.0,0.0,0.0,0.0,0.0,0.0,State mean over valid paired futures only; unavailable is not zero; cases shared across states/regimes.
switch,0,switch-0000-032,32,agreement,known_law,learned,False,8,8,0,0.0,0.0,0.0,0.0,0.0,0.0,State mean over valid paired futures only; unavailable is not zero; cases shared across states/regimes.
switch,0,switch-0000-032,32,agreement,known_law,frozen_prior,False,8,8,0,0.0,0.0,0.0,0.0,0.0,0.0,State mean over valid paired futures only; unavailable is not zero; cases shared across states/regimes.
switch,1,switch-0001-010,10,agreement,learned,frozen_prior,False,8,8,0,0.0,0.0,0.0,0.0,0.0,0.0,State mean over valid paired futures only; unavailable is not zero; cases shared across states/regimes.
switch,1,switch-0001-010,10,agreement,known_law,learned,False,8,8,0,0.0,0.0,0.0,0.0,0.0,0.0,State mean over valid paired futures only; unavailable is not zero; cases shared across states/regimes.
switch,1,switch-0001-010,10,agreement,known_law,frozen_prior,False,8,8,0,0.0,0.0,0.0,0.0,0.0,0.0,State mean over valid paired futures only; unavailable is not zero; cases shared across states/regimes.
switch,1,switch-0001-018,18,agreement,learned,frozen_prior,False,8,8,0,0.0,0.0,0.0,0.0,0.0,0.0,State mean over valid paired futures only; unavailable is not zero; cases shared across states/regimes.
switch,1,switch-0001-018,18,agreement,known_law,learned,False,8,8,0,0.0,0.0,0.0,0.0,0.0,0.0,State mean over valid paired futures only; unavailable is not zero; cases shared across states/regimes.
switch,1,switch-0001-018,18,agreement,known_law,frozen_prior,False,8,8,0,0.0,0.0,0.0,0.0,0.0,0.0,State mean over valid paired futures only; unavailable is not zero; cases shared across states/regimes.
switch,2,switch-0002-014,14,disagreement,learned,frozen_prior,False,8,0,8,,,,,,,State mean over valid paired futures only; unavailable is not zero; cases shared across states/regimes.
switch,2,switch-0002-014,14,disagreement,known_law,learned,True,8,0,8,,,,,,,State mean over valid paired futures only; unavailable is not zero; cases shared across states/regimes.
switch,2,switch-0002-014,14,disagreement,known_law,frozen_prior,True,8,0,8,,,,,,,State mean over valid paired futures only; unavailable is not zero; cases shared across states/regimes.
switch,2,switch-0002-042,42,disagreement,learned,frozen_prior,True,8,8,0,0.0,0.0,0.0,0.0,0.0,0.0,State mean over valid paired futures only; unavailable is not zero; cases shared across states/regimes.
switch,2,switch-0002-042,42,disagreement,known_law,learned,True,8,8,0,0.0,0.0,0.0,0.0,0.0,0.0,State mean over valid paired futures only; unavailable is not zero; cases shared across states/regimes.
switch,2,switch-0002-042,42,disagreement,known_law,frozen_prior,False,8,8,0,0.0,0.0,0.0,0.0,0.0,0.0,State mean over valid paired futures only; unavailable is not zero; cases shared across states/regimes.
switch,3,switch-0003-025,25,disagreement,learned,frozen_prior,True,8,8,0,0.0,0.0,0.0,0.0,0.0,0.0,State mean over valid paired futures only; unavailable is not zero; cases shared across states/regimes.
switch,3,switch-0003-025,25,disagreement,known_law,learned,False,8,8,0,0.0,0.0,0.0,0.0,0.0,0.0,State mean over valid paired futures only; unavailable is not zero; cases shared across states/regimes.
switch,3,switch-0003-025,25,disagreement,known_law,frozen_prior,True,8,8,0,0.0,0.0,0.0,0.0,0.0,0.0,State mean over valid paired futures only; unavailable is not zero; cases shared across states/regimes.
switch,3,switch-0003-059,59,disagreement,learned,frozen_prior,False,8,8,0,0.0,0.0,0.0,0.0,0.0,0.0,State mean over valid paired futures only; unavailable is not zero; cases shared across states/regimes.
switch,3,switch-0003-059,59,disagreement,known_law,learned,True,8,8,0,0.0,0.0,0.0,0.0,0.0,0.0,State mean over valid paired futures only; unavailable is not zero; cases shared across states/regimes.
switch,3,switch-0003-059,59,disagreement,known_law,frozen_prior,True,8,8,0,0.0,0.0,0.0,0.0,0.0,0.0,State mean over valid paired futures only; unavailable is not zero; cases shared across states/regimes.
