generation,correct,combined_score,episode_count,escape,task,model_score,brier_near,brier_audit,invalid,seconds,candidate_cpu_seconds
0,True,0.7991562499999998,72,0.7777777777777778,0.7991562499999998,0.9883203572878558,0.006127493610904402,0.016229963907654608,0,0.20086731408324945,0.16906706944444447
1,True,0.917045138888889,72,0.9166666666666666,0.917045138888889,0.9874216324183922,0.00937925342528412,0.0156027865280345,0,0.33194758315221407,0.3130926249999999
2,True,0.8702638888888888,72,0.8611111111111112,0.8702638888888888,0.9899319322339601,0.004165520112765821,0.01567710690737515,0,0.7771198880145676,0.7718423472222223
3,True,0.8978645833333334,72,0.9027777777777778,0.8978645833333334,0.9894511327395598,0.004372159222285049,0.01589692342287441,0,1.035874133627658,1.0312552916666669
4,True,0.9509062499999997,72,0.9583333333333334,0.9509062499999997,0.9886945769741003,0.007606975216606772,0.015386251143911333,0,0.6654465429180871,0.6657894027777778
5,True,0.891079861111111,72,0.8888888888888888,0.891079861111111,0.9886695121409562,0.005497247382353348,0.016264233071974606,0,0.15741675806889865,0.1353055277777778
6,True,0.780197916666667,72,0.7638888888888888,0.780197916666667,0.9899435359659015,0.002929760413113128,0.015917123091462294,0,1.6995457476934663,1.7142238194444448
7,True,0.9138055555555558,72,0.9166666666666666,0.9138055555555558,0.9877391445548039,0.0094393056888762,0.015086967319756919,0,0.4191067471240078,0.4101971805555556
8,True,0.859836805555556,72,0.8472222222222222,0.859836805555556,0.988544400955401,0.005986714835850899,0.016674770727834576,0,0.24474751030478123,0.2293408472222223
9,True,0.8910520833333333,72,0.8888888888888888,0.8910520833333333,0.9887187614626577,0.005361353614082712,0.016265753829465435,0,0.17467704202782544,0.15034406944444445
10,True,0.9138055555555558,72,0.9166666666666666,0.9138055555555558,0.9877391929066225,0.009439042702278935,0.015087105651658021,0,0.42393673906917684,0.4113795
11,True,0.9262812500000001,72,0.9305555555555556,0.9262812500000001,0.9887587053069995,0.007394180326917693,0.015297937247155181,0,0.8758839205555786,0.889203
12,True,0.9065625000000002,72,0.9027777777777778,0.9065625000000002,0.9874789620968853,0.008848590724323646,0.01565755628029858,0,0.4047230863191847,0.39148965277777775
13,True,0.9171527777777779,72,0.9166666666666666,0.9171527777777779,0.9874674486720068,0.00906340831654828,0.01581719680096231,0,0.37054537008346716,0.3557198750000002
14,True,0.9033888888888888,72,0.9027777777777778,0.9033888888888888,0.9886000997599965,0.006474674267845149,0.01605931633968754,0,0.2733966865279298,0.24756934722222215
15,True,0.9000347222222221,72,0.9027777777777778,0.9000347222222221,0.987807576630147,0.008782709345479816,0.015013849460208341,0,0.6601090387096823,0.6577495138888886
16,True,0.9120173611111111,72,0.9166666666666666,0.9120173611111111,0.9878273034261349,0.00947207305582874,0.014855764668501659,0,1.4190596283042396,1.4781512916666661
17,True,0.9250416666666668,72,0.9305555555555556,0.9250416666666668,0.9876750881362418,0.010417685450549625,0.014881732033372883,0,1.2539547878728223,1.2885131805555559
18,True,0.9507986111111109,72,0.9583333333333334,0.9507986111111109,0.9886506869663744,0.007637041108643901,0.015513051777881587,0,1.7520675873905323,1.8261633888888893
19,True,0.9507986111111109,72,0.9583333333333334,0.9507986111111109,0.9886506869663744,0.007637041108643901,0.015513051777881587,0,1.6201413347391482,1.6830211666666668
20,True,0.9507986111111109,72,0.9583333333333334,0.9507986111111109,0.9886506869663744,0.007637041108643901,0.015513051777881587,0,1.5690266042491001,1.5739350138888888
21,True,0.935791666666667,72,0.9444444444444444,0.935791666666667,0.9875975528102447,0.01078676305677909,0.015012531021762272,0,1.746857347599871,1.7960525416666668
22,True,0.9146770833333336,72,0.9166666666666666,0.9146770833333336,0.9876121561436845,0.010532043510000085,0.014849359064567177,0,1.9762802920550813,2.048420527777777
23,True,0.9375208333333336,72,0.9444444444444444,0.9375208333333336,0.9879066497134628,0.009594262258227989,0.015112542931911834,0,1.9560422896946774,2.0303732638888885
24,True,0.9419236111111111,72,0.9444444444444444,0.9419236111111111,0.988157894086543,0.007914441680084813,0.016147323995556136,0,0.6109446743050486,0.5882751944444445
25,True,0.935791666666667,72,0.9444444444444444,0.935791666666667,0.987597372836619,0.010787346187446206,0.015012382640442424,0,1.5047317807742122,1.5408664305555544
26,True,0.925072916666667,72,0.9305555555555556,0.925072916666667,0.9878580802385046,0.009622433872185938,0.014868225344571197,0,1.9673727301673756,2.031852333333334
27,True,0.9248159722222226,72,0.9305555555555556,0.9248159722222226,0.9876398541558147,0.01032033242316282,0.014931154269551782,0,1.901583408958282,2.0010799861111104
28,True,0.9033888888888888,72,0.9027777777777778,0.9033888888888888,0.9886000997599965,0.006474674267845149,0.01605931633968754,0,0.3308383834183688,0.30982854166666673
29,True,0.937454861111111,72,0.9444444444444444,0.937454861111111,0.9886739586489622,0.00750723181232532,0.015465846905557324,0,1.534285778665637,1.5948709166666672
30,True,0.9268923611111115,72,0.9305555555555556,0.9268923611111115,0.9879073416319576,0.009344809171894794,0.015051963250060103,0,2.129902891986098,2.257713819444444
31,True,0.8923263888888889,72,0.8888888888888888,0.8923263888888889,0.9878183364132015,0.009862857437146228,0.014931488104941982,0,1.4091328320416021,1.4701751250000001
32,True,0.9065625000000002,72,0.9027777777777778,0.9065625000000002,0.9874789620968853,0.008848590724323646,0.01565755628029858,0,0.5232410935661593,0.5043188749999997
33,True,0.9148263888888888,72,0.9166666666666666,0.9148263888888888,0.9896329928937977,0.0054677302881312485,0.014848939518997102,0,1.357214913804152,1.4222588055555556
34,True,0.9065625000000002,72,0.9027777777777778,0.9065625000000002,0.9874789620968853,0.008848590724323646,0.01565755628029858,0,0.41485526939060136,0.39473198611111093
35,True,0.9268368055555558,72,0.9305555555555556,0.9268368055555558,0.9879419675502026,0.009271698071216118,0.015036980172941378,0,1.9019207219163137,2.0080811527777778
36,True,0.9166597222222221,72,0.9166666666666666,0.9166597222222221,0.9897066302432602,0.005539275018320662,0.015136498531519814,0,0.8412754830270488,0.8478646805555555
37,True,0.9384652777777774,72,0.9444444444444444,0.9384652777777774,0.9893701694179897,0.005737732863118011,0.015204536768629042,0,2.0760575835956843,2.1706177222222225
38,True,0.7868402777777779,72,0.7638888888888888,0.7868402777777779,0.9888642461629237,0.005180462558370425,0.015972251848746292,0,1.3892343429454033,1.4303024166666665
39,True,0.9065625000000002,72,0.9027777777777778,0.9065625000000002,0.9874789620968853,0.008848590724323646,0.01565755628029858,0,0.4788600048058369,0.4687954166666668
40,True,0.928138888888889,72,0.9305555555555556,0.928138888888889,0.9875213259397824,0.009025719792928643,0.015708911705148897,0,0.4077969042793686,0.38989188888888904
41,True,0.9052222222222226,72,0.9027777777777778,0.9052222222222226,0.9896037201998161,0.005416665328908478,0.015054145902538937,0,2.5438246389296384,2.715136388888889
42,True,0.946815972222223,72,0.9583333333333334,0.946815972222223,0.9899245716594225,0.004867323405016727,0.015398817771939481,0,2.5041304349005156,2.6630414722222224
43,True,0.9120138888888893,72,0.9166666666666666,0.9120138888888893,0.9879883696274737,0.009229818543712595,0.014848595437327645,0,2.1922081152087127,2.314960916666667
44,True,0.9382083333333333,72,0.9444444444444444,0.9382083333333333,0.9888776056254661,0.00628010629097144,0.01611441875118792,0,1.4272930247502194,1.4736709583333334
45,True,0.9065520833333333,72,0.9027777777777778,0.9065520833333333,0.9873466949811642,0.009794461722197615,0.015577891475456747,0,0.860679439182099,0.8714532083333333
46,True,0.9524826388888891,72,0.9583333333333334,0.9524826388888891,0.9882993267682778,0.007105703256520975,0.016140843801880255,0,0.693005501526285,0.6975634861111112
47,True,0.9402291666666667,72,0.9444444444444444,0.9402291666666667,0.988691039295097,0.007632117765352609,0.015303349802837134,0,1.148445882334474,1.1764483888888888
48,True,0.9157395833333332,72,0.9166666666666666,0.9157395833333332,0.988575366774604,0.00680200178900865,0.01576786214387367,0,0.5868377089310444,0.5875122222222225
49,True,0.9297847222222221,72,0.9305555555555556,0.9297847222222221,0.9885916418613871,0.007266838487468348,0.015460311184472187,0,1.1301994309736376,1.1805114027777772
