case_ordinal,seed_outcome,seed_wall_seconds,seed_combined_score,seed_task,seed_model_accuracy,seed_final_coverage,seed_escaped,seed_caught,seed_timeout,seed_invalid,seed_keys,seed_door_open,seed_steps,generation_2_outcome,generation_2_wall_seconds,generation_2_combined_score,generation_2_task,generation_2_model_accuracy,generation_2_final_coverage,generation_2_escaped,generation_2_caught,generation_2_timeout,generation_2_invalid,generation_2_keys,generation_2_door_open,generation_2_steps,generation_2_minus_seed_combined_score,generation_2_minus_seed_task,generation_2_minus_seed_model_accuracy,generation_2_minus_seed_final_coverage,generation_2_minus_seed_escaped,generation_2_minus_seed_caught,generation_2_minus_seed_timeout,generation_2_minus_seed_invalid,generation_2_minus_seed_keys,generation_2_minus_seed_door_open,generation_2_minus_seed_steps
0,timeout,0.12996011500945315,0.6537997733282963,0.44,0.9744994333207405,0.6977777777777778,0.0,0.0,1.0,0.0,2.0,0.0,200.0,escaped,0.2013236199854873,0.9357073470170727,0.908,0.9772683675426818,0.9733333333333334,1.0,0.0,0.0,0.0,2.0,1.0,70.0,0.2819075736887764,0.468,0.002768934221941244,0.27555555555555555,1.0,0.0,-1.0,0.0,0.0,1.0,-130.0
1,timeout,0.09951780198025517,0.6083720428173068,0.36,0.9809301070432671,0.25333333333333335,0.0,0.0,1.0,0.0,1.0,0.0,200.0,escaped,0.053795692016137764,0.9337362216624685,0.8904,0.9987405541561712,0.36,1.0,0.0,0.0,0.0,2.0,1.0,26.0,0.32536417884516167,0.5304,0.017810447112904138,0.10666666666666663,1.0,0.0,-1.0,0.0,1.0,1.0,-174.0
2,caught,0.03956707299221307,0.45040364720920323,0.0948,0.9838091180230081,0.4222222222222222,0.0,1.0,0.0,0.0,1.0,0.0,37.0,escaped,0.08337390000815503,0.9311887966050318,0.8936000000000001,0.9875719915125796,0.6222222222222222,1.0,0.0,0.0,0.0,2.0,1.0,34.0,0.4807851493958286,0.7988000000000001,0.0037628734895714944,0.2,1.0,-1.0,0.0,0.0,1.0,1.0,-3.0
3,timeout,0.12734389898832887,0.5983970207548027,0.36,0.9559925518870067,0.7155555555555555,0.0,0.0,1.0,0.0,1.0,0.0,200.0,escaped,0.13960287199006416,0.9345445059766985,0.9016000000000001,0.9839612649417461,0.8711111111111111,1.0,0.0,0.0,0.0,2.0,1.0,54.0,0.33614748522189575,0.5416000000000001,0.027968713054739358,0.15555555555555556,1.0,0.0,-1.0,0.0,1.0,1.0,-146.0
4,caught,0.032869450020371005,0.40864,0.014400000000000007,1.0,0.1111111111111111,0.0,1.0,0.0,0.0,0.0,0.0,36.0,escaped,0.13512022400391288,0.9337918524727578,0.8996000000000001,0.9850796311818943,0.9111111111111111,1.0,0.0,0.0,0.0,2.0,1.0,49.0,0.5251518524727578,0.8852000000000001,-0.014920368818105656,0.8,1.0,-1.0,0.0,0.0,2.0,1.0,13.0
5,timeout,0.09043554699746892,0.6103709405821506,0.36,0.9859273514553765,0.37333333333333335,0.0,0.0,1.0,0.0,1.0,0.0,200.0,escaped,0.07163567500538193,0.9303499365750528,0.8904,0.9902748414376321,0.6711111111111111,1.0,0.0,0.0,0.0,2.0,1.0,26.0,0.31997899599290225,0.5304,0.004347489982255648,0.29777777777777775,1.0,0.0,-1.0,0.0,1.0,1.0,-174.0
6,timeout,0.08514836500398815,0.5680000000000001,0.28,1.0,0.1111111111111111,0.0,0.0,1.0,0.0,0.0,0.0,200.0,escaped,0.23238649798440747,0.9422713140380746,0.9156,0.9822782850951866,0.9066666666666666,1.0,0.0,0.0,0.0,2.0,1.0,89.0,0.37427131403807457,0.6355999999999999,-0.017721714904813446,0.7955555555555556,1.0,0.0,-1.0,0.0,2.0,1.0,-111.0
7,timeout,0.1081527239875868,0.5580801413516755,0.28,0.9752003533791885,0.5422222222222223,0.0,0.0,1.0,0.0,0.0,0.0,200.0,escaped,0.16789384398725815,0.9314670620729757,0.9007999999999999,0.9774676551824393,0.8622222222222222,1.0,0.0,0.0,0.0,2.0,1.0,52.0,0.3733869207213002,0.6207999999999999,0.002267301803250743,0.31999999999999995,1.0,0.0,-1.0,0.0,2.0,1.0,-148.0
8,timeout,0.1158062579925172,0.6054525139664805,0.36,0.9736312849162011,0.49333333333333335,0.0,0.0,1.0,0.0,1.0,0.0,200.0,caught,0.11043024301761761,0.4580914791306021,0.104,0.9892286978265051,0.4533333333333333,0.0,1.0,0.0,0.0,1.0,0.0,60.0,-0.14736103483587837,-0.256,0.015597412910304032,-0.040000000000000036,0.0,1.0,-1.0,0.0,0.0,0.0,-140.0
9,caught,0.044842792995041236,0.4528226214009454,0.0952,0.9892565535023635,0.4222222222222222,0.0,1.0,0.0,0.0,1.0,0.0,38.0,escaped,0.1743111069954466,0.933969546771763,0.9044,0.9783238669294076,0.9377777777777778,1.0,0.0,0.0,0.0,2.0,1.0,61.0,0.4811469253708176,0.8091999999999999,-0.010932686572955874,0.5155555555555555,1.0,-1.0,0.0,0.0,1.0,1.0,23.0
10,timeout,0.10076668299734592,0.5640675077830576,0.28,0.9901687694576438,0.29333333333333333,0.0,0.0,1.0,0.0,0.0,0.0,200.0,escaped,0.2519593769975472,0.9396707011298561,0.914,0.9781767528246401,0.9377777777777778,1.0,0.0,0.0,0.0,2.0,1.0,85.0,0.3756031933467985,0.634,-0.011992016633003644,0.6444444444444445,1.0,0.0,-1.0,0.0,2.0,1.0,-115.0
11,timeout,0.09440859299502335,0.5680000000000001,0.28,1.0,0.1111111111111111,0.0,0.0,1.0,0.0,0.0,0.0,200.0,escaped,0.136108932987554,0.9340425952865872,0.902,0.9821064882164678,0.8622222222222222,1.0,0.0,0.0,0.0,2.0,1.0,55.0,0.3660425952865871,0.622,-0.017893511783532157,0.7511111111111111,1.0,0.0,-1.0,0.0,2.0,1.0,-145.0
12,caught,0.0761939809890464,0.43305244278374594,0.05680000000000001,0.9974311069593648,0.27555555555555555,0.0,1.0,0.0,0.0,0.0,0.0,142.0,escaped,0.29449601101805456,0.9474018906211333,0.9224,0.9849047265528335,0.9466666666666667,1.0,0.0,0.0,0.0,2.0,1.0,106.0,0.5143494478373873,0.8656,-0.012526380406531312,0.6711111111111111,1.0,-1.0,0.0,0.0,2.0,1.0,-36.0
13,timeout,0.14370582101400942,0.6010168620523526,0.36,0.9625421551308816,0.7911111111111111,0.0,0.0,1.0,0.0,1.0,0.0,200.0,escaped,0.12905036497977562,0.932998108200068,0.9016000000000001,0.9800952705001701,0.8666666666666667,1.0,0.0,0.0,0.0,2.0,1.0,54.0,0.3319812461477154,0.5416000000000001,0.017553115369288497,0.0755555555555556,1.0,0.0,-1.0,0.0,1.0,1.0,-146.0
14,caught,0.04089713600114919,0.40840000000000004,0.014,1.0,0.14666666666666667,0.0,1.0,0.0,0.0,0.0,0.0,35.0,escaped,0.15111716001410969,0.9311965283209285,0.9024,0.9743913208023212,0.9555555555555556,1.0,0.0,0.0,0.0,2.0,1.0,56.0,0.5227965283209284,0.8884,-0.02560867919767884,0.808888888888889,1.0,-1.0,0.0,0.0,2.0,1.0,21.0
15,caught,0.07243423099862412,0.42671976225854386,0.048,0.9947994056463596,0.29777777777777775,0.0,1.0,0.0,0.0,0.0,0.0,120.0,escaped,0.23559439001837745,0.9402815669170503,0.9128,0.9815039172926258,0.9777777777777777,1.0,0.0,0.0,0.0,2.0,1.0,82.0,0.5135618046585064,0.8647999999999999,-0.013295488353733842,0.6799999999999999,1.0,-1.0,0.0,0.0,2.0,1.0,-38.0
16,caught,0.03635893200407736,0.40096517985611513,0.012400000000000007,0.9838129496402878,0.28,0.0,1.0,0.0,0.0,0.0,0.0,31.0,escaped,0.24075346501194872,0.9439892202876607,0.9176,0.9835730507191521,0.9155555555555556,1.0,0.0,0.0,0.0,2.0,1.0,94.0,0.5430240404315456,0.9052,-0.00023989892113562838,0.6355555555555555,1.0,-1.0,0.0,0.0,2.0,1.0,63.0
17,caught,0.12174859299557284,0.48131982452089594,0.14560000000000003,0.9848995613022397,0.7066666666666667,0.0,1.0,0.0,0.0,1.0,0.0,164.0,escaped,0.04516079000313766,0.9311200000000001,0.8852000000000001,1.0,0.4311111111111111,1.0,0.0,0.0,0.0,2.0,1.0,13.0,0.4498001754791041,0.7396,0.015100438697760343,-0.27555555555555555,1.0,-1.0,0.0,0.0,1.0,1.0,-151.0
18,caught,0.06085778897977434,0.402803984408835,0.036,0.9530099610220875,0.24,0.0,1.0,0.0,0.0,0.0,0.0,90.0,escaped,0.12259380100294948,0.9331703863432166,0.8987999999999999,0.9847259658580413,0.9333333333333333,1.0,0.0,0.0,0.0,2.0,1.0,47.0,0.5303664019343816,0.8627999999999999,0.031716004835953826,0.6933333333333334,1.0,-1.0,0.0,0.0,2.0,1.0,-43.0
19,caught,0.04410919698420912,0.5018322928709057,0.1764,0.989980732177264,0.5022222222222222,0.0,1.0,0.0,0.0,2.0,0.0,41.0,escaped,0.24858248399687,0.9448042684756376,0.9184,0.984410671189094,0.9377777777777778,1.0,0.0,0.0,0.0,2.0,1.0,96.0,0.4429719756047319,0.742,-0.005570060988170034,0.4355555555555556,1.0,-1.0,0.0,0.0,0.0,1.0,55.0
20,caught,0.10065798298455775,0.4294055182112221,0.0604,0.9829137955280551,0.52,0.0,1.0,0.0,0.0,0.0,0.0,151.0,escaped,0.15708844098844565,0.9339978451911304,0.9036000000000001,0.9795946129778261,0.68,1.0,0.0,0.0,0.0,2.0,1.0,59.0,0.5045923269799083,0.8432000000000001,-0.003319182550229005,0.16000000000000003,1.0,-1.0,0.0,0.0,2.0,1.0,-92.0
21,timeout,0.11130156897706911,0.6535417156286722,0.44,0.9738542890716804,0.3511111111111111,0.0,0.0,1.0,0.0,2.0,0.0,200.0,escaped,0.049726141995051876,0.9319024148606811,0.8896000000000001,0.9953560371517027,0.3466666666666667,1.0,0.0,0.0,0.0,2.0,1.0,24.0,0.2783606992320089,0.44960000000000006,0.021501748080022365,-0.0044444444444444176,1.0,0.0,-1.0,0.0,0.0,1.0,-176.0
22,caught,0.04984693700680509,0.45505179531656553,0.11040000000000001,0.9720294882914137,0.29777777777777775,0.0,1.0,0.0,0.0,1.0,0.0,76.0,escaped,0.18274837100761943,0.9355377193152143,0.9072,0.9780442982880356,0.8888888888888888,1.0,0.0,0.0,0.0,2.0,1.0,68.0,0.4804859239986488,0.7968,0.0060148099966219615,0.5911111111111111,1.0,-1.0,0.0,0.0,1.0,1.0,-8.0
23,timeout,0.1129966980079189,0.565407448094035,0.28,0.9935186202350873,0.20444444444444446,0.0,0.0,1.0,0.0,0.0,0.0,200.0,escaped,0.22223448098520748,0.9387866635823888,0.9116000000000001,0.979566658955972,0.9866666666666667,1.0,0.0,0.0,0.0,2.0,1.0,79.0,0.37337921548835384,0.6316,-0.013951961279115355,0.7822222222222223,1.0,0.0,-1.0,0.0,2.0,1.0,-121.0
24,caught,0.13351365498965606,0.5344212098471676,0.2388,0.9778530246179189,0.6311111111111111,0.0,1.0,0.0,0.0,2.0,0.0,197.0,escaped,0.08226442700834014,0.9314694736842104,0.8927999999999999,0.9894736842105263,0.7777777777777778,1.0,0.0,0.0,0.0,2.0,1.0,32.0,0.39704826383704284,0.6539999999999999,0.011620659592607385,0.14666666666666672,1.0,-1.0,0.0,0.0,0.0,1.0,-165.0
25,caught,0.057789965998381376,0.4137220936639118,0.030400000000000007,0.9887052341597796,0.36444444444444446,0.0,1.0,0.0,0.0,0.0,0.0,76.0,escaped,0.20571900400682352,0.9380488737201365,0.9104,0.9795221843003413,0.9822222222222222,1.0,0.0,0.0,0.0,2.0,1.0,76.0,0.5243267800562246,0.88,-0.009183049859438297,0.6177777777777778,1.0,-1.0,0.0,0.0,2.0,1.0,0.0
26,timeout,0.11501761098043062,0.5623246311010216,0.28,0.9858115777525539,0.39111111111111113,0.0,0.0,1.0,0.0,0.0,0.0,200.0,escaped,0.2565876279841177,0.9341751601350659,0.9067999999999999,0.975237900337665,0.9644444444444444,1.0,0.0,0.0,0.0,2.0,1.0,67.0,0.37185052903404425,0.6267999999999999,-0.010573677414888905,0.5733333333333333,1.0,0.0,-1.0,0.0,2.0,1.0,-133.0
27,timeout,0.0860535709944088,0.5621671904462603,0.28,0.9854179761156505,0.17777777777777778,0.0,0.0,1.0,0.0,0.0,0.0,200.0,escaped,0.19421267200959846,0.9344967664670658,0.9047999999999999,0.9790419161676647,0.9688888888888889,1.0,0.0,0.0,0.0,2.0,1.0,62.0,0.3723295760208055,0.6247999999999999,-0.006376059947985846,0.7911111111111111,1.0,0.0,-1.0,0.0,2.0,1.0,-138.0
28,timeout,0.13142564200097695,0.5529262454773171,0.28,0.9623156136932925,0.6177777777777778,0.0,0.0,1.0,0.0,0.0,0.0,200.0,escaped,0.2361729750118684,0.9424364935790062,0.9156,0.9826912339475153,0.9377777777777778,1.0,0.0,0.0,0.0,2.0,1.0,89.0,0.3895102481016891,0.6355999999999999,0.020375620254222793,0.32000000000000006,1.0,0.0,-1.0,0.0,2.0,1.0,-111.0
29,caught,0.03455260500777513,0.4010185746436609,0.01119999999999999,0.9857464366091523,0.25333333333333335,0.0,1.0,0.0,0.0,0.0,0.0,28.0,escaped,0.0960232210054528,0.9284440979510244,0.8944,0.9795102448775612,0.8533333333333334,1.0,0.0,0.0,0.0,2.0,1.0,36.0,0.5274255233073635,0.8832,-0.0062361917315910675,0.6000000000000001,1.0,-1.0,0.0,0.0,2.0,1.0,8.0
30,timeout,0.08288766499026679,0.5680000000000001,0.28,1.0,0.08888888888888889,0.0,0.0,1.0,0.0,0.0,0.0,200.0,escaped,0.09847438300494105,0.930098870311794,0.896,0.9812471757794848,0.6888888888888889,1.0,0.0,0.0,0.0,2.0,1.0,40.0,0.3620988703117939,0.616,-0.018752824220515163,0.6,1.0,0.0,-1.0,0.0,2.0,1.0,-160.0
31,timeout,0.11106398398987949,0.5645829145728644,0.28,0.9914572864321608,0.17777777777777778,0.0,0.0,1.0,0.0,0.0,0.0,200.0,escaped,0.12639714000397362,0.9310116082659479,0.8964,0.9829290206648698,0.9511111111111111,1.0,0.0,0.0,0.0,2.0,1.0,41.0,0.3664286936930835,0.6164,-0.008528265767291043,0.7733333333333333,1.0,0.0,-1.0,0.0,2.0,1.0,-159.0
32,timeout,0.12269611697411165,0.645408065618592,0.44,0.9535201640464799,0.5511111111111111,0.0,0.0,1.0,0.0,2.0,0.0,200.0,escaped,0.07582338200882077,0.9269153072625699,0.8916000000000001,0.9798882681564246,0.7244444444444444,1.0,0.0,0.0,0.0,2.0,1.0,29.0,0.2815072416439779,0.45160000000000006,0.026368104109944723,0.17333333333333334,1.0,0.0,-1.0,0.0,0.0,1.0,-171.0
33,timeout,0.11325702600879595,0.6120850652489125,0.36,0.9902126631222813,0.30666666666666664,0.0,0.0,1.0,0.0,1.0,0.0,200.0,escaped,0.0939168719924055,0.9266753760297635,0.8947999999999999,0.9744884400744087,0.8222222222222222,1.0,0.0,0.0,0.0,2.0,1.0,37.0,0.314590310780851,0.5347999999999999,-0.015724223047872576,0.5155555555555555,1.0,0.0,-1.0,0.0,1.0,1.0,-163.0
34,caught,0.147731928009307,0.4336968187939549,0.060800000000000014,0.9930420469848871,0.4266666666666667,0.0,1.0,0.0,0.0,0.0,0.0,152.0,escaped,0.2793805709807202,0.9455026171101826,0.922,0.9807565427754563,0.9555555555555556,1.0,0.0,0.0,0.0,2.0,1.0,105.0,0.5118057983162276,0.8612000000000001,-0.012285504209430753,0.528888888888889,1.0,-1.0,0.0,0.0,2.0,1.0,-47.0
35,timeout,0.11726124701090157,0.5979152624644616,0.36,0.9547881561611539,0.4088888888888889,0.0,0.0,1.0,0.0,1.0,0.0,200.0,escaped,0.10218265099683776,0.925484872282035,0.8972,0.9679121807050876,0.8844444444444445,1.0,0.0,0.0,0.0,2.0,1.0,43.0,0.32756960981757344,0.5372,0.013124024543933688,0.47555555555555556,1.0,0.0,-1.0,0.0,1.0,1.0,-157.0
36,timeout,0.11015860899351537,0.5612643395895457,0.28,0.9831608489738642,0.38666666666666666,0.0,0.0,1.0,0.0,0.0,0.0,200.0,escaped,0.12455145100830123,0.9318683870967742,0.8972,0.9838709677419355,0.8844444444444445,1.0,0.0,0.0,0.0,2.0,1.0,43.0,0.37060404750722853,0.6172,0.0007101187680712551,0.4977777777777778,1.0,0.0,-1.0,0.0,2.0,1.0,-157.0
37,timeout,0.10543931199936196,0.5677328881469116,0.28,0.9993322203672788,0.13333333333333333,0.0,0.0,1.0,0.0,0.0,0.0,200.0,escaped,0.2567999950260855,0.9411540409911288,0.9204,0.972285102477822,0.9911111111111112,1.0,0.0,0.0,0.0,2.0,1.0,101.0,0.3734211528442172,0.6404,-0.027047117889456795,0.8577777777777779,1.0,0.0,-1.0,0.0,2.0,1.0,-99.0
38,timeout,0.12664102102280594,0.6552163321324413,0.44,0.9780408303311031,0.6755555555555556,0.0,0.0,1.0,0.0,2.0,0.0,200.0,escaped,0.14499581899144687,0.929927454990638,0.9004,0.9742186374765951,0.8755555555555555,1.0,0.0,0.0,0.0,2.0,1.0,51.0,0.27471112285819665,0.4604,-0.003822192854508022,0.19999999999999996,1.0,0.0,-1.0,0.0,0.0,1.0,-149.0
39,caught,0.06190257699927315,0.46304869255432846,0.12040000000000001,0.9770217313858212,0.49333333333333335,0.0,1.0,0.0,0.0,1.0,0.0,101.0,escaped,0.06529921700712293,0.9317387509405568,0.892,0.991346877351392,0.5377777777777778,1.0,0.0,0.0,0.0,2.0,1.0,30.0,0.46869005838622835,0.7716000000000001,0.014325145965570885,0.04444444444444445,1.0,-1.0,0.0,0.0,1.0,1.0,-71.0
40,timeout,0.09704066897393204,0.5676688741721855,0.28,0.9991721854304636,0.22666666666666666,0.0,0.0,1.0,0.0,0.0,0.0,200.0,escaped,0.09266537200892344,0.9331039234449761,0.8967999999999999,0.9875598086124402,0.8355555555555556,1.0,0.0,0.0,0.0,2.0,1.0,42.0,0.3654350492727906,0.6167999999999999,-0.011612376818023407,0.6088888888888889,1.0,0.0,-1.0,0.0,2.0,1.0,-158.0
41,caught,0.1262900760048069,0.5253711382510992,0.22960000000000003,0.9690278456277479,0.5955555555555555,0.0,1.0,0.0,0.0,2.0,0.0,174.0,escaped,0.0621779489738401,0.9330444338270425,0.89,0.9976110845676063,0.49777777777777776,1.0,0.0,0.0,0.0,2.0,1.0,25.0,0.40767329557594334,0.6604,0.02858323893985837,-0.09777777777777774,1.0,-1.0,0.0,0.0,0.0,1.0,-149.0
42,timeout,0.093190985993715,0.5643810829335162,0.28,0.9909527073337903,0.17777777777777778,0.0,0.0,1.0,0.0,0.0,0.0,200.0,escaped,0.20325919799506664,0.9338883820167639,0.9047999999999999,0.9775209550419101,0.8622222222222222,1.0,0.0,0.0,0.0,2.0,1.0,62.0,0.36950729908324775,0.6247999999999999,-0.013431752291880206,0.6844444444444444,1.0,0.0,-1.0,0.0,2.0,1.0,-138.0
43,caught,0.07044434198178351,0.4324470103092784,0.06480000000000001,0.9839175257731959,0.13333333333333333,0.0,1.0,0.0,0.0,0.0,0.0,162.0,escaped,0.08100220299093053,0.9283189891272406,0.8964,0.9761974728181017,0.5822222222222222,1.0,0.0,0.0,0.0,2.0,1.0,41.0,0.49587197881796224,0.8316,-0.007720052955094259,0.4488888888888889,1.0,-1.0,0.0,0.0,2.0,1.0,-121.0
44,caught,0.047605637984815985,0.38486824787669077,0.018400000000000007,0.934570619691727,0.37333333333333335,0.0,1.0,0.0,0.0,0.0,0.0,46.0,escaped,0.14378182601649314,0.930831382636656,0.9016000000000001,0.9746784565916399,0.8711111111111111,1.0,0.0,0.0,0.0,2.0,1.0,54.0,0.5459631347599652,0.8832000000000001,0.04010783689991293,0.4977777777777777,1.0,-1.0,0.0,0.0,2.0,1.0,8.0
45,caught,0.038611588010098785,0.4541516633266533,0.09720000000000001,0.9895791583166332,0.27555555555555555,0.0,1.0,0.0,0.0,1.0,0.0,43.0,escaped,0.09456415197928436,0.9314363819095477,0.8936000000000001,0.9881909547738693,0.6977777777777778,1.0,0.0,0.0,0.0,2.0,1.0,34.0,0.4772847185828944,0.7964,-0.0013882035427639217,0.4222222222222223,1.0,-1.0,0.0,0.0,1.0,1.0,-9.0
46,caught,0.10640821201377548,0.4299711591634172,0.0664,0.975327897908543,0.4622222222222222,0.0,1.0,0.0,0.0,0.0,0.0,166.0,escaped,0.1250077119912021,0.9359510877476749,0.9007999999999999,0.9886777193691872,0.7333333333333333,1.0,0.0,0.0,0.0,2.0,1.0,52.0,0.5059799285842577,0.8343999999999999,0.013349821460644229,0.2711111111111111,1.0,-1.0,0.0,0.0,2.0,1.0,-114.0
47,timeout,0.12921932901372202,0.5577500924605062,0.28,0.9743752311512653,0.68,0.0,0.0,1.0,0.0,0.0,0.0,200.0,escaped,0.13306614599423483,0.9340387761674718,0.9007999999999999,0.9838969404186796,0.9111111111111111,1.0,0.0,0.0,0.0,2.0,1.0,52.0,0.37628868370696555,0.6207999999999999,0.009521709267414247,0.23111111111111104,1.0,0.0,-1.0,0.0,2.0,1.0,-148.0
48,caught,0.04294873200706206,0.41440000000000005,0.024,1.0,0.1111111111111111,0.0,1.0,0.0,0.0,0.0,0.0,60.0,escaped,0.061772869987180457,0.9288585365853659,0.892,0.9841463414634146,0.49333333333333335,1.0,0.0,0.0,0.0,2.0,1.0,30.0,0.5144585365853658,0.868,-0.01585365853658538,0.38222222222222224,1.0,-1.0,0.0,0.0,2.0,1.0,-30.0
49,timeout,0.11475813400465995,0.5591187364384115,0.28,0.9777968410960287,0.5022222222222222,0.0,0.0,1.0,0.0,0.0,0.0,200.0,escaped,0.21287077001761645,0.9383282172986002,0.9084,0.9832205432465004,0.9333333333333333,1.0,0.0,0.0,0.0,2.0,1.0,71.0,0.3792094808601887,0.6284,0.005423702150471721,0.4311111111111111,1.0,0.0,-1.0,0.0,2.0,1.0,-129.0
50,caught,0.03373198499321006,0.40055768754301446,0.012400000000000007,0.9827942188575362,0.24,0.0,1.0,0.0,0.0,0.0,0.0,31.0,escaped,0.0848636319860816,0.9256467394197498,0.894,0.9731168485493745,0.7688888888888888,1.0,0.0,0.0,0.0,2.0,1.0,35.0,0.5250890518767354,0.8816,-0.009677370308161626,0.5288888888888889,1.0,-1.0,0.0,0.0,2.0,1.0,4.0
51,escaped,0.026427159988088533,0.9201561904761903,0.8827999999999999,0.9761904761904762,0.24,1.0,0.0,0.0,0.0,2.0,1.0,7.0,escaped,0.035467212001094595,0.9254841958041957,0.8827999999999999,0.9895104895104895,0.23555555555555555,1.0,0.0,0.0,0.0,2.0,1.0,7.0,0.00532800532800537,0.0,0.013320013320013313,-0.004444444444444445,0.0,0.0,0.0,0.0,0.0,0.0,0.0
52,caught,0.05690603400580585,0.4454155076275645,0.10479999999999999,0.9563387690689111,0.41333333333333333,0.0,1.0,0.0,0.0,1.0,0.0,62.0,escaped,0.28949273700709455,0.9472226236949615,0.9308,0.9718565592374036,0.9733333333333334,1.0,0.0,0.0,0.0,2.0,1.0,127.0,0.5018071160673969,0.826,0.015517790168492418,0.56,1.0,-1.0,0.0,0.0,1.0,1.0,65.0
53,caught,0.06296442198799923,0.42424,0.040400000000000005,1.0,0.1111111111111111,0.0,1.0,0.0,0.0,0.0,0.0,101.0,escaped,0.13544576600543223,0.929165908109775,0.8987999999999999,0.9747147702744372,0.8622222222222222,1.0,0.0,0.0,0.0,2.0,1.0,47.0,0.504925908109775,0.8583999999999999,-0.025285229725562797,0.7511111111111111,1.0,-1.0,0.0,0.0,2.0,1.0,-54.0
54,timeout,0.10512158999335952,0.5680000000000001,0.28,1.0,0.1111111111111111,0.0,0.0,1.0,0.0,0.0,0.0,200.0,escaped,0.07856039400212467,0.9350183074265976,0.894,0.9965457685664939,0.4666666666666667,1.0,0.0,0.0,0.0,2.0,1.0,35.0,0.3670183074265976,0.614,-0.003454231433506094,0.35555555555555557,1.0,0.0,-1.0,0.0,2.0,1.0,-165.0
55,timeout,0.14086499199038371,0.6088997673712957,0.36,0.9822494184282391,0.5777777777777777,0.0,0.0,1.0,0.0,1.0,0.0,200.0,escaped,0.11450779900769703,0.9321858278145696,0.8976000000000001,0.9840645695364238,0.9244444444444444,1.0,0.0,0.0,0.0,2.0,1.0,44.0,0.3232860604432739,0.5376000000000001,0.0018151511081847538,0.3466666666666667,1.0,0.0,-1.0,0.0,1.0,1.0,-156.0
56,caught,0.061135095020290464,0.4019159493670887,0.026400000000000007,0.9651898734177216,0.49777777777777776,0.0,1.0,0.0,0.0,0.0,0.0,66.0,escaped,0.08952501200838014,0.9283009523809523,0.8932,0.9809523809523809,0.7733333333333333,1.0,0.0,0.0,0.0,2.0,1.0,33.0,0.5263850030138637,0.8668,0.015762507534659354,0.27555555555555555,1.0,-1.0,0.0,0.0,2.0,1.0,-33.0
57,caught,0.07672015801654197,0.43938,0.06680000000000001,0.99825,0.10666666666666667,0.0,1.0,0.0,0.0,0.0,0.0,167.0,escaped,0.11770518100820482,0.9274939207048458,0.8976000000000001,0.9723348017621145,0.84,1.0,0.0,0.0,0.0,2.0,1.0,44.0,0.4881139207048458,0.8308000000000001,-0.02591519823788546,0.7333333333333333,1.0,-1.0,0.0,0.0,2.0,1.0,-123.0
58,caught,0.052283057011663914,0.4085138300981006,0.025599999999999994,0.9828845752452515,0.36,0.0,1.0,0.0,0.0,0.0,0.0,64.0,escaped,0.08288287901086733,0.9280069739730323,0.8936000000000001,0.9796174349325808,0.6177777777777778,1.0,0.0,0.0,0.0,2.0,1.0,34.0,0.5194931438749317,0.8680000000000001,-0.0032671403126707244,0.2577777777777778,1.0,-1.0,0.0,0.0,2.0,1.0,-30.0
59,caught,0.10895330301718786,0.48569134734046715,0.1524,0.9856283683511677,0.4222222222222222,0.0,1.0,0.0,0.0,1.0,0.0,181.0,escaped,0.246695435984293,0.9405742174135536,0.9128,0.9822355435338841,0.9777777777777777,1.0,0.0,0.0,0.0,2.0,1.0,82.0,0.4548828700730865,0.7604,-0.003392824817283646,0.5555555555555556,1.0,-1.0,0.0,0.0,1.0,1.0,-99.0
60,caught,0.04731109298882075,0.39825730994152053,0.02,0.9656432748538012,0.3288888888888889,0.0,1.0,0.0,0.0,0.0,0.0,50.0,escaped,0.09689167400938459,0.9300794860813706,0.8956000000000001,0.9817987152034261,0.6,1.0,0.0,0.0,0.0,2.0,1.0,39.0,0.5318221761398501,0.8756,0.016155440349624905,0.2711111111111111,1.0,-1.0,0.0,0.0,2.0,1.0,-11.0
61,timeout,0.12508223700569943,0.5980898283916924,0.36,0.9552245709792312,0.52,0.0,0.0,1.0,0.0,1.0,0.0,200.0,escaped,0.07499910800834186,0.9296331127616475,0.8924,0.9854827819041189,0.6933333333333334,1.0,0.0,0.0,0.0,2.0,1.0,31.0,0.33154328436995506,0.5324,0.030258210924887674,0.17333333333333334,1.0,0.0,-1.0,0.0,1.0,1.0,-169.0
62,timeout,0.11622878798516467,0.5990312379483225,0.36,0.957578094870806,0.56,0.0,0.0,1.0,0.0,1.0,0.0,200.0,escaped,0.20356543399975635,0.935872525364324,0.9096000000000001,0.9752813134108098,0.9955555555555555,1.0,0.0,0.0,0.0,2.0,1.0,74.0,0.3368412874160015,0.5496000000000001,0.017703218540003784,0.4355555555555555,1.0,0.0,-1.0,0.0,1.0,1.0,-126.0
63,timeout,0.12236954798572697,0.6034194178550498,0.36,0.9685485446376245,0.4533333333333333,0.0,0.0,1.0,0.0,1.0,0.0,200.0,escaped,0.04833775700535625,0.9318235964198536,0.888,0.9975589910496339,0.44,1.0,0.0,0.0,0.0,2.0,1.0,20.0,0.32840417856480375,0.528,0.02901044641200934,-0.013333333333333308,1.0,0.0,-1.0,0.0,1.0,1.0,-180.0
64,caught,0.058670252008596435,0.4608358705478214,0.112,0.9840896763695535,0.5511111111111111,0.0,1.0,0.0,0.0,1.0,0.0,80.0,escaped,0.09909592900658026,0.932729298448715,0.8956000000000001,0.9884232461217874,0.7377777777777778,1.0,0.0,0.0,0.0,2.0,1.0,39.0,0.4718934279008936,0.7836000000000001,0.004333569752233979,0.18666666666666665,1.0,-1.0,0.0,0.0,1.0,1.0,-41.0
65,timeout,0.09821537698735483,0.5676904709263764,0.28,0.9992261773159408,0.2088888888888889,0.0,0.0,1.0,0.0,0.0,0.0,200.0,escaped,0.14507339100237004,0.9320379174350972,0.9012,0.978294793587743,0.9733333333333334,1.0,0.0,0.0,0.0,2.0,1.0,53.0,0.36434744650872086,0.6212,-0.020931383728197805,0.7644444444444445,1.0,0.0,-1.0,0.0,2.0,1.0,-147.0
66,caught,0.07001859199954197,0.42195230838189157,0.046,0.9858807709547288,0.17333333333333334,0.0,1.0,0.0,0.0,0.0,0.0,115.0,escaped,0.06525790799059905,0.9294104148278906,0.89,0.9885260370697264,0.64,1.0,0.0,0.0,0.0,2.0,1.0,25.0,0.507458106445999,0.844,0.002645266114997602,0.4666666666666667,1.0,-1.0,0.0,0.0,2.0,1.0,-90.0
67,caught,0.13132897499599494,0.5276260603555188,0.2196,0.989665150888797,0.5022222222222222,0.0,1.0,0.0,0.0,2.0,0.0,149.0,escaped,0.22812046902254224,0.941717081667111,0.9124,0.9856927041677774,0.8755555555555555,1.0,0.0,0.0,0.0,2.0,1.0,81.0,0.41409102131159214,0.6928,-0.003972446721019596,0.3733333333333333,1.0,-1.0,0.0,0.0,0.0,1.0,-68.0
68,caught,0.041518062993418425,0.4492839024390244,0.0984,0.975609756097561,0.4488888888888889,0.0,1.0,0.0,0.0,1.0,0.0,46.0,escaped,0.2664045159763191,0.9444609212675595,0.9168,0.985952303168899,0.9422222222222222,1.0,0.0,0.0,0.0,2.0,1.0,92.0,0.49517701882853515,0.8183999999999999,0.010342547071338082,0.4933333333333333,1.0,-1.0,0.0,0.0,1.0,1.0,46.0
69,caught,0.036766171018825844,0.40456000000000003,0.007599999999999994,1.0,0.2,0.0,1.0,0.0,0.0,0.0,0.0,19.0,escaped,0.3219163909961935,0.9461797321332904,0.9228,0.9812493303332261,0.9822222222222222,1.0,0.0,0.0,0.0,2.0,1.0,107.0,0.5416197321332904,0.9152,-0.018750669666773856,0.7822222222222222,1.0,-1.0,0.0,0.0,2.0,1.0,88.0
70,caught,0.08917729699169286,0.42614117838277127,0.05840000000000001,0.9777529459569281,0.36,0.0,1.0,0.0,0.0,0.0,0.0,146.0,escaped,0.09986169499461539,0.9345381818181818,0.8972,0.9905454545454545,0.64,1.0,0.0,0.0,0.0,2.0,1.0,43.0,0.5083970034354106,0.8388,0.01279250858852643,0.28,1.0,-1.0,0.0,0.0,2.0,1.0,-103.0
71,caught,0.04689176901592873,0.40921775862068965,0.025599999999999994,0.9846443965517241,0.4533333333333333,0.0,1.0,0.0,0.0,0.0,0.0,64.0,escaped,0.08353677100967616,0.9296143737402822,0.8944,0.9824359343507054,0.7377777777777778,1.0,0.0,0.0,0.0,2.0,1.0,36.0,0.5203966151195926,0.8688,-0.0022084622010186683,0.28444444444444444,1.0,-1.0,0.0,0.0,2.0,1.0,-28.0
72,caught,0.04104378499323502,0.5037208053691276,0.176,0.9953020134228188,0.3244444444444444,0.0,1.0,0.0,0.0,2.0,0.0,40.0,escaped,0.06149312300840393,0.9274692891918208,0.8907999999999999,0.9824732229795521,0.5422222222222223,1.0,0.0,0.0,0.0,2.0,1.0,27.0,0.42374848382269326,0.7147999999999999,-0.01282879044326668,0.21777777777777785,1.0,-1.0,0.0,0.0,0.0,1.0,-13.0
73,caught,0.08530504099326208,0.4243294383679489,0.05119999999999999,0.9840235959198722,0.31555555555555553,0.0,1.0,0.0,0.0,0.0,0.0,128.0,caught,0.16862162901088595,0.4542085416183631,0.10479999999999999,0.9783213540459077,0.8311111111111111,0.0,1.0,0.0,0.0,1.0,0.0,62.0,0.029879103250414207,0.0536,-0.005702241873964509,0.5155555555555555,0.0,0.0,0.0,0.0,1.0,0.0,-66.0
74,timeout,0.13209722499595955,0.6062173913043478,0.36,0.9755434782608695,0.6533333333333333,0.0,0.0,1.0,0.0,1.0,0.0,200.0,escaped,0.28322678501717746,0.9393737465324561,0.9128,0.9792343663311405,0.96,1.0,0.0,0.0,0.0,2.0,1.0,82.0,0.33315635522810827,0.5528,0.003690888070270959,0.30666666666666664,1.0,0.0,-1.0,0.0,1.0,1.0,-118.0
75,timeout,0.0903247719979845,0.5680000000000001,0.28,1.0,0.1111111111111111,0.0,0.0,1.0,0.0,0.0,0.0,200.0,escaped,0.1357126169896219,0.9320158148035333,0.9004,0.9794395370088333,0.8577777777777778,1.0,0.0,0.0,0.0,2.0,1.0,51.0,0.3640158148035333,0.6204,-0.02056046299116665,0.7466666666666666,1.0,0.0,-1.0,0.0,2.0,1.0,-149.0
76,timeout,0.09729538799729198,0.5586459948320414,0.28,0.9766149870801034,0.17777777777777778,0.0,0.0,1.0,0.0,0.0,0.0,200.0,escaped,0.09722553900792263,0.9267395100467932,0.8967999999999999,0.9716487751169832,0.5955555555555555,1.0,0.0,0.0,0.0,2.0,1.0,42.0,0.36809351521475187,0.6167999999999999,-0.004966211963120193,0.4177777777777777,1.0,0.0,-1.0,0.0,2.0,1.0,-158.0
77,timeout,0.1048872190003749,0.5616680448907265,0.28,0.9841701122268163,0.24,0.0,0.0,1.0,0.0,0.0,0.0,200.0,caught,0.08310162901761942,0.44652633147113596,0.0912,0.9795158286778398,0.6444444444444445,0.0,1.0,0.0,0.0,1.0,0.0,28.0,-0.11514171341959056,-0.18880000000000002,-0.004654283548976457,0.4044444444444445,0.0,1.0,-1.0,0.0,1.0,0.0,-172.0
78,timeout,0.1281478249875363,0.5499674337235904,0.28,0.9549185843089759,0.41333333333333333,0.0,0.0,1.0,0.0,0.0,0.0,200.0,escaped,0.09704445500392467,0.927389843513377,0.8947999999999999,0.9762746087834427,0.6711111111111111,1.0,0.0,0.0,0.0,2.0,1.0,37.0,0.3774224097897867,0.6147999999999999,0.021356024474466828,0.2577777777777778,1.0,0.0,-1.0,0.0,2.0,1.0,-163.0
79,caught,0.04690127100911923,0.41022767552828904,0.02,0.9955691888207225,0.39555555555555555,0.0,1.0,0.0,0.0,0.0,0.0,50.0,escaped,0.20969356800196692,0.9423515195038354,0.9148,0.9836787987595887,0.9466666666666667,1.0,0.0,0.0,0.0,2.0,1.0,87.0,0.5321238439755465,0.8947999999999999,-0.011890390061133793,0.5511111111111111,1.0,-1.0,0.0,0.0,2.0,1.0,37.0
80,caught,0.06417233200045303,0.5024271157114166,0.19440000000000002,0.9644677892785416,0.38666666666666666,0.0,1.0,0.0,0.0,2.0,0.0,86.0,escaped,0.08389259901014157,0.9306532576010691,0.894,0.9856331440026729,0.4711111111111111,1.0,0.0,0.0,0.0,2.0,1.0,35.0,0.42822614188965247,0.6996,0.02116535472413128,0.08444444444444443,1.0,-1.0,0.0,0.0,0.0,1.0,-51.0
81,caught,0.049952668021433055,0.5080023021582735,0.18480000000000002,0.9928057553956835,0.3244444444444444,0.0,1.0,0.0,0.0,2.0,0.0,62.0,escaped,0.22225685400189832,0.9392732911499198,0.9124,0.9795832278747997,0.9911111111111112,1.0,0.0,0.0,0.0,2.0,1.0,81.0,0.4312709889916463,0.7276,-0.01322252752088382,0.6666666666666667,1.0,-1.0,0.0,0.0,0.0,1.0,19.0
82,timeout,0.11898474098416045,0.5655618015577379,0.28,0.9939045038943447,0.29333333333333333,0.0,0.0,1.0,0.0,0.0,0.0,200.0,caught,0.12198660400463268,0.5023911466830845,0.1804,0.9853778667077112,0.8177777777777778,0.0,1.0,0.0,0.0,2.0,0.0,51.0,-0.06317065487465345,-0.09960000000000002,-0.00852663718663349,0.5244444444444445,0.0,1.0,-1.0,0.0,2.0,0.0,-149.0
83,timeout,0.11508980698999949,0.55816021551113,0.28,0.9754005387778251,0.3377777777777778,0.0,0.0,1.0,0.0,0.0,0.0,200.0,escaped,0.11501790100010112,0.9296245590811758,0.8987999999999999,0.9758613977029394,0.76,1.0,0.0,0.0,0.0,2.0,1.0,47.0,0.37146434357004576,0.6187999999999999,0.0004608589251143824,0.4222222222222222,1.0,0.0,-1.0,0.0,2.0,1.0,-153.0
84,caught,0.09365456600789912,0.5223333018483837,0.21480000000000002,0.9836332546209592,0.7866666666666666,0.0,1.0,0.0,0.0,2.0,0.0,137.0,escaped,0.13123701498261653,0.935035901772646,0.9004,0.9869897544316149,0.8088888888888889,1.0,0.0,0.0,0.0,2.0,1.0,51.0,0.4127025999242623,0.6856,0.0033564998106556665,0.022222222222222254,1.0,-1.0,0.0,0.0,0.0,1.0,-86.0
85,timeout,0.11192437901627272,0.5560355515041021,0.28,0.9700888787602553,0.5688888888888889,0.0,0.0,1.0,0.0,0.0,0.0,200.0,escaped,0.15529674501158297,0.9330001023017902,0.9024,0.9789002557544757,0.9733333333333334,1.0,0.0,0.0,0.0,2.0,1.0,56.0,0.3769645507976881,0.6224,0.00881137699422041,0.4044444444444445,1.0,0.0,-1.0,0.0,2.0,1.0,-144.0
86,caught,0.058600070013199,0.41185438202247193,0.025599999999999994,0.9912359550561798,0.4177777777777778,0.0,1.0,0.0,0.0,0.0,0.0,64.0,escaped,0.07914343601441942,0.9330754299175501,0.8916000000000001,0.9952885747938751,0.5911111111111111,1.0,0.0,0.0,0.0,2.0,1.0,29.0,0.5212210478950782,0.8660000000000001,0.004052619737695329,0.17333333333333334,1.0,-1.0,0.0,0.0,2.0,1.0,-35.0
87,caught,0.09411202400224283,0.47281969140337987,0.136,0.9780492285084497,0.6044444444444445,0.0,1.0,0.0,0.0,1.0,0.0,140.0,escaped,0.10365552399889566,0.931695737704918,0.8984,0.981639344262295,0.6088888888888889,1.0,0.0,0.0,0.0,2.0,1.0,46.0,0.4588760463015381,0.7624,0.00359011575384538,0.004444444444444473,1.0,-1.0,0.0,0.0,1.0,1.0,-94.0
88,caught,0.10924131498904899,0.4278583700700954,0.06760000000000002,0.9682459251752386,0.39111111111111113,0.0,1.0,0.0,0.0,0.0,0.0,169.0,escaped,0.3676349440065678,0.9525139552027219,0.9356,0.9778848880068046,0.9377777777777778,1.0,0.0,0.0,0.0,2.0,1.0,139.0,0.5246555851326264,0.868,0.009638962831566067,0.5466666666666666,1.0,-1.0,0.0,0.0,2.0,1.0,-30.0
89,caught,0.033004985016305,0.3997792363261094,0.0071999999999999885,0.9886480908152735,0.29777777777777775,0.0,1.0,0.0,0.0,0.0,0.0,18.0,escaped,0.21640100199147128,0.9316481799403259,0.9036000000000001,0.9737204498508147,0.96,1.0,0.0,0.0,0.0,2.0,1.0,59.0,0.5318689436142165,0.8964000000000001,-0.014927640964458755,0.6622222222222223,1.0,-1.0,0.0,0.0,2.0,1.0,41.0
90,caught,0.03581415300141089,0.44952413145539905,0.0888,0.9906103286384976,0.31555555555555553,0.0,1.0,0.0,0.0,1.0,0.0,22.0,escaped,0.17952580100973137,0.9361024426284563,0.9044,0.9836561065711407,0.9288888888888889,1.0,0.0,0.0,0.0,2.0,1.0,61.0,0.4865783111730573,0.8156,-0.006954222067356963,0.6133333333333333,1.0,-1.0,0.0,0.0,1.0,1.0,39.0
91,timeout,0.12522675900254399,0.5574429744216026,0.28,0.9736074360540063,0.3466666666666667,0.0,0.0,1.0,0.0,0.0,0.0,200.0,escaped,0.21053460901021026,0.9405233242073656,0.912,0.9833083105184138,0.9955555555555555,1.0,0.0,0.0,0.0,2.0,1.0,80.0,0.383080349785763,0.632,0.009700874464407483,0.6488888888888888,1.0,0.0,-1.0,0.0,2.0,1.0,-120.0
92,caught,0.09465095400810242,0.46339146193367586,0.1272,0.9676786548341896,0.6311111111111111,0.0,1.0,0.0,0.0,1.0,0.0,118.0,escaped,0.06802475699805655,0.930166942800789,0.8892,0.9916173570019724,0.6,1.0,0.0,0.0,0.0,2.0,1.0,23.0,0.4667754808671132,0.762,0.02393870216778282,-0.03111111111111109,1.0,-1.0,0.0,0.0,1.0,1.0,-95.0
93,timeout,0.08935076001216657,0.5680000000000001,0.28,1.0,0.1111111111111111,0.0,0.0,1.0,0.0,0.0,0.0,200.0,escaped,0.12779533700086176,0.9340496184809239,0.9027999999999999,0.9809240462023101,0.8444444444444444,1.0,0.0,0.0,0.0,2.0,1.0,57.0,0.3660496184809239,0.6227999999999999,-0.019075953797689893,0.7333333333333334,1.0,0.0,-1.0,0.0,2.0,1.0,-143.0
94,caught,0.06290197398629971,0.5078264150943397,0.186,0.9905660377358491,0.4666666666666667,0.0,1.0,0.0,0.0,2.0,0.0,65.0,escaped,0.13754112398601137,0.9332198334090565,0.8992,0.9842495835226412,0.8844444444444445,1.0,0.0,0.0,0.0,2.0,1.0,48.0,0.4253934183147168,0.7132000000000001,-0.006316454213207812,0.4177777777777778,1.0,-1.0,0.0,0.0,0.0,1.0,-17.0
95,caught,0.0969580200035125,0.4237034409864945,0.05719999999999999,0.9734586024662361,0.36,0.0,1.0,0.0,0.0,0.0,0.0,143.0,escaped,0.11213367301388644,0.9318559152058703,0.8992,0.9808397880146759,0.8177777777777778,1.0,0.0,0.0,0.0,2.0,1.0,48.0,0.5081524742193758,0.842,0.007381185548439806,0.45777777777777784,1.0,-1.0,0.0,0.0,2.0,1.0,-95.0
96,caught,0.056896557012805715,0.41169468563561273,0.03280000000000001,0.9800367140890317,0.35555555555555557,0.0,1.0,0.0,0.0,0.0,0.0,82.0,escaped,0.13586118500097655,0.9337896305982347,0.9012,0.9826740764955868,0.9066666666666666,1.0,0.0,0.0,0.0,2.0,1.0,53.0,0.522094944962622,0.8684,0.0026373624065550993,0.5511111111111111,1.0,-1.0,0.0,0.0,2.0,1.0,-29.0
97,caught,0.028516972000943497,0.40336,0.005599999999999995,1.0,0.1111111111111111,0.0,1.0,0.0,0.0,0.0,0.0,14.0,escaped,0.07831298300880007,0.9308723618090453,0.894,0.9861809045226131,0.5288888888888889,1.0,0.0,0.0,0.0,2.0,1.0,35.0,0.5275123618090454,0.8884,-0.013819095477386911,0.41777777777777775,1.0,-1.0,0.0,0.0,2.0,1.0,21.0
98,caught,0.06173866399331018,0.40224000000000004,0.0064000000000000055,0.996,0.15555555555555556,0.0,1.0,0.0,0.0,0.0,0.0,16.0,escaped,0.12212496998836286,0.9348920494515062,0.8987999999999999,0.9890301236287654,0.8355555555555556,1.0,0.0,0.0,0.0,2.0,1.0,47.0,0.5326520494515061,0.8924,-0.006969876371234585,0.68,1.0,-1.0,0.0,0.0,2.0,1.0,31.0
99,timeout,0.08242364300531335,0.5680000000000001,0.28,1.0,0.08888888888888889,0.0,0.0,1.0,0.0,0.0,0.0,200.0,escaped,0.07479632899048738,0.931097435897436,0.892,0.9897435897435898,0.5333333333333333,1.0,0.0,0.0,0.0,2.0,1.0,30.0,0.3630974358974359,0.612,-0.01025641025641022,0.4444444444444444,1.0,0.0,-1.0,0.0,2.0,1.0,-170.0
100,caught,0.1014549029932823,0.47567423983151247,0.146,0.9701855995787811,0.5777777777777777,0.0,1.0,0.0,0.0,1.0,0.0,165.0,escaped,0.08892710399231873,0.9281676446837146,0.8932,0.9806191117092867,0.7911111111111111,1.0,0.0,0.0,0.0,2.0,1.0,33.0,0.45249340485220213,0.7472,0.010433512130505584,0.21333333333333337,1.0,-1.0,0.0,0.0,1.0,1.0,-132.0
101,caught,0.10576442899764515,0.44152,0.06919999999999998,1.0,0.2311111111111111,0.0,1.0,0.0,0.0,0.0,0.0,173.0,escaped,0.33430685399798676,0.9477979889566985,0.9228,0.9852949723917466,0.9911111111111112,1.0,0.0,0.0,0.0,2.0,1.0,107.0,0.5062779889566985,0.8535999999999999,-0.01470502760825343,0.76,1.0,-1.0,0.0,0.0,2.0,1.0,-66.0
102,timeout,0.09404744999483228,0.6051144120648599,0.36,0.9727860301621499,0.2,0.0,0.0,1.0,0.0,1.0,0.0,200.0,escaped,0.08313023200025782,0.9301993220338983,0.8944,0.9838983050847457,0.64,1.0,0.0,0.0,0.0,2.0,1.0,36.0,0.3250849099690384,0.5344,0.01111227492259581,0.44,1.0,0.0,-1.0,0.0,1.0,1.0,-164.0
103,caught,0.03416691199527122,0.4052433222591363,0.010400000000000006,0.9975083056478405,0.28,0.0,1.0,0.0,0.0,0.0,0.0,26.0,escaped,0.10860605799825862,0.933100861244019,0.8952,0.9899521531100478,0.72,1.0,0.0,0.0,0.0,2.0,1.0,38.0,0.5278575389848827,0.8848,-0.007556152537792737,0.43999999999999995,1.0,-1.0,0.0,0.0,2.0,1.0,12.0
104,caught,0.10606590801035054,0.43794145366747156,0.078,0.9778536341686788,0.48,0.0,1.0,0.0,0.0,0.0,0.0,195.0,escaped,0.28134099699673243,0.9426802209944751,0.9192,0.9779005524861878,0.9688888888888889,1.0,0.0,0.0,0.0,2.0,1.0,98.0,0.5047387673270036,0.8412000000000001,4.6918317509025975e-05,0.48888888888888893,1.0,-1.0,0.0,0.0,2.0,1.0,-97.0
105,timeout,0.10841274700942449,0.5675876895891622,0.28,0.9989692239729053,0.1511111111111111,0.0,0.0,1.0,0.0,0.0,0.0,200.0,escaped,0.20003989498945884,0.9328117545012485,0.9016000000000001,0.9796293862531213,0.9511111111111111,1.0,0.0,0.0,0.0,2.0,1.0,54.0,0.36522406491208637,0.6216,-0.01933983771978398,0.8,1.0,0.0,-1.0,0.0,2.0,1.0,-146.0
106,timeout,0.08634744299342856,0.6158450813323005,0.36,0.9996127033307514,0.17333333333333334,0.0,0.0,1.0,0.0,1.0,0.0,200.0,escaped,0.11286523699527606,0.9337915810044949,0.8976000000000001,0.988078952511237,0.7422222222222222,1.0,0.0,0.0,0.0,2.0,1.0,44.0,0.31794649967219435,0.5376000000000001,-0.011533750819514355,0.5688888888888889,1.0,0.0,-1.0,0.0,1.0,1.0,-156.0
107,caught,0.09932821299298666,0.5237610099188459,0.2124,0.9908025247971145,0.5866666666666667,0.0,1.0,0.0,0.0,2.0,0.0,131.0,escaped,0.21345925398054533,0.9436372991051252,0.9148,0.986893247762813,0.8044444444444444,1.0,0.0,0.0,0.0,2.0,1.0,87.0,0.4198762891862793,0.7023999999999999,-0.00390927703430155,0.21777777777777774,1.0,-1.0,0.0,0.0,0.0,1.0,-44.0
108,timeout,0.14244246599264443,0.6011806863042818,0.36,0.9629517157607045,0.6266666666666667,0.0,0.0,1.0,0.0,1.0,0.0,200.0,escaped,0.09999132697703317,0.9305253503184714,0.8944,0.9847133757961783,0.6622222222222223,1.0,0.0,0.0,0.0,2.0,1.0,36.0,0.3293446640141896,0.5344,0.021761660035473862,0.03555555555555556,1.0,0.0,-1.0,0.0,1.0,1.0,-164.0
109,caught,0.10346830400521867,0.43528507361268404,0.07640000000000001,0.9736126840317101,0.28888888888888886,0.0,1.0,0.0,0.0,0.0,0.0,191.0,escaped,0.09796187101164833,0.933674464069683,0.8972,0.9883861601742076,0.7955555555555556,1.0,0.0,0.0,0.0,2.0,1.0,43.0,0.498389390456999,0.8208,0.014773476142497466,0.5066666666666667,1.0,-1.0,0.0,0.0,2.0,1.0,-148.0
110,caught,0.04093706200364977,0.4027266555740433,0.01119999999999999,0.9900166389351082,0.2088888888888889,0.0,1.0,0.0,0.0,0.0,0.0,28.0,escaped,0.09852729699923657,0.926332417484389,0.8964,0.9712310437109724,0.6977777777777778,1.0,0.0,0.0,0.0,2.0,1.0,41.0,0.5236057619103457,0.8852,-0.01878559522413581,0.48888888888888893,1.0,-1.0,0.0,0.0,2.0,1.0,13.0
111,caught,0.042237991001456976,0.4107674617737003,0.020800000000000013,0.9957186544342508,0.15555555555555556,0.0,1.0,0.0,0.0,0.0,0.0,52.0,escaped,0.09054808699875139,0.9325980952380953,0.8956000000000001,0.9880952380952381,0.7777777777777778,1.0,0.0,0.0,0.0,2.0,1.0,39.0,0.521830633464395,0.8748,-0.007623416339012645,0.6222222222222222,1.0,-1.0,0.0,0.0,2.0,1.0,-13.0
112,caught,0.03639629398821853,0.40016806201550387,0.013199999999999988,0.9806201550387597,0.2311111111111111,0.0,1.0,0.0,0.0,0.0,0.0,33.0,escaped,0.26509062899276614,0.9432697639335103,0.9156,0.9847744098337756,0.9511111111111111,1.0,0.0,0.0,0.0,2.0,1.0,89.0,0.5431017019180064,0.9024,0.004154254795015966,0.72,1.0,-1.0,0.0,0.0,2.0,1.0,56.0
113,timeout,0.17007870000088587,0.6078649728633626,0.36,0.9796624321584064,0.4533333333333333,0.0,0.0,1.0,0.0,1.0,0.0,200.0,escaped,0.09978845799923874,0.9295877989601385,0.8967999999999999,0.9787694974003466,0.6888888888888889,1.0,0.0,0.0,0.0,2.0,1.0,42.0,0.32172282609677594,0.5367999999999999,-0.000892934758059849,0.23555555555555557,1.0,0.0,-1.0,0.0,1.0,1.0,-158.0
114,timeout,0.12475464600720443,0.6098937512721352,0.36,0.9847343781803379,0.6222222222222222,0.0,0.0,1.0,0.0,1.0,0.0,200.0,escaped,0.15288072597468272,0.9358102018765992,0.9024,0.9859255046914984,0.8888888888888888,1.0,0.0,0.0,0.0,2.0,1.0,56.0,0.32591645060446406,0.5424,0.0011911265111604896,0.2666666666666666,1.0,0.0,-1.0,0.0,1.0,1.0,-144.0
115,timeout,0.12290245198528282,0.550572435113955,0.28,0.9564310877848875,0.4088888888888889,0.0,0.0,1.0,0.0,0.0,0.0,200.0,escaped,0.19232178802485578,0.9362198896525022,0.9087999999999999,0.9773497241312554,0.8488888888888889,1.0,0.0,0.0,0.0,2.0,1.0,72.0,0.3856474545385472,0.6287999999999999,0.020918636346367925,0.44,1.0,0.0,-1.0,0.0,2.0,1.0,-128.0
116,timeout,0.10043677798239514,0.5680000000000001,0.28,1.0,0.10666666666666667,0.0,0.0,1.0,0.0,0.0,0.0,200.0,escaped,0.18320351801230572,0.9367484950116749,0.9076000000000001,0.980471237529187,0.8577777777777778,1.0,0.0,0.0,0.0,2.0,1.0,69.0,0.36874849501167484,0.6276,-0.019528762470813033,0.7511111111111111,1.0,0.0,-1.0,0.0,2.0,1.0,-131.0
117,caught,0.08373303199186921,0.4150366386554622,0.05240000000000001,0.9589915966386554,0.2222222222222222,0.0,1.0,0.0,0.0,0.0,0.0,131.0,escaped,0.1350437469955068,0.9341016786570744,0.902,0.9822541966426859,0.8622222222222222,1.0,0.0,0.0,0.0,2.0,1.0,55.0,0.5190650400016121,0.8496,0.023262600004030465,0.64,1.0,-1.0,0.0,0.0,2.0,1.0,-76.0
118,caught,0.053121180011658,0.40800000000000003,0.024,0.984,0.3688888888888889,0.0,1.0,0.0,0.0,0.0,0.0,60.0,escaped,0.08715091599151492,0.9328736859595679,0.8967999999999999,0.98698421489892,0.6444444444444445,1.0,0.0,0.0,0.0,2.0,1.0,42.0,0.5248736859595678,0.8727999999999999,0.002984214898919979,0.2755555555555556,1.0,-1.0,0.0,0.0,2.0,1.0,-18.0
119,caught,0.08140577800804749,0.4681501962354826,0.1272,0.9795754905887064,0.4177777777777778,0.0,1.0,0.0,0.0,1.0,0.0,118.0,escaped,0.1692563459801022,0.935165766312595,0.9056000000000001,0.9795144157814871,0.88,1.0,0.0,0.0,0.0,2.0,1.0,64.0,0.46701557007711236,0.7784000000000001,-6.107480721928571e-05,0.4622222222222222,1.0,-1.0,0.0,0.0,1.0,1.0,-54.0
120,caught,0.041271194990258664,0.39674745762711866,0.014,0.9708686440677966,0.3288888888888889,0.0,1.0,0.0,0.0,0.0,0.0,35.0,escaped,0.16291558599914424,0.9317458579574909,0.9024,0.9757646448937273,0.9777777777777777,1.0,0.0,0.0,0.0,2.0,1.0,56.0,0.5349984003303723,0.8884,0.004896000825930669,0.6488888888888888,1.0,-1.0,0.0,0.0,2.0,1.0,21.0
121,timeout,0.14814549899892882,0.5544016449623029,0.28,0.9660041124057573,0.36,0.0,0.0,1.0,0.0,0.0,0.0,200.0,caught,0.0756699499906972,0.402554228761272,0.012800000000000011,0.9871855719031799,0.40444444444444444,0.0,1.0,0.0,0.0,0.0,0.0,32.0,-0.15184741620103093,-0.2672,0.02118145949742256,0.04444444444444445,0.0,1.0,-1.0,0.0,0.0,0.0,-168.0
122,caught,0.06264514298527502,0.46712439560439567,0.1192,0.989010989010989,0.4177777777777778,0.0,1.0,0.0,0.0,1.0,0.0,98.0,caught,0.034433935972629115,0.45112,0.0852,1.0,0.37333333333333335,0.0,1.0,0.0,0.0,1.0,0.0,13.0,-0.01600439560439565,-0.034,0.01098901098901095,-0.04444444444444445,0.0,0.0,0.0,0.0,0.0,0.0,-85.0
123,timeout,0.11917742600780912,0.6030224900462714,0.36,0.9675562251156785,0.6044444444444445,0.0,0.0,1.0,0.0,1.0,0.0,200.0,escaped,0.22298528597457334,0.9394476879774829,0.912,0.9806192199437073,0.9866666666666667,1.0,0.0,0.0,0.0,2.0,1.0,80.0,0.3364251979312115,0.552,0.013062994828028751,0.38222222222222224,1.0,0.0,-1.0,0.0,1.0,1.0,-120.0
124,caught,0.030211860983399674,0.40480000000000005,0.008,1.0,0.17333333333333334,0.0,1.0,0.0,0.0,0.0,0.0,20.0,caught,0.0437302450009156,0.44569199668599835,0.0872,0.9834299917149959,0.41333333333333333,0.0,1.0,0.0,0.0,1.0,0.0,18.0,0.0408919966859983,0.07919999999999999,-0.0165700082850041,0.24,0.0,0.0,0.0,0.0,1.0,0.0,-2.0
125,caught,0.0827650610008277,0.4244647734138973,0.04440000000000001,0.9945619335347432,0.29777777777777775,0.0,1.0,0.0,0.0,0.0,0.0,111.0,escaped,0.17727813599049114,0.9330741029882015,0.9036000000000001,0.9772852574705039,0.9688888888888889,1.0,0.0,0.0,0.0,2.0,1.0,59.0,0.5086093295743042,0.8592000000000001,-0.017276676064239327,0.6711111111111112,1.0,-1.0,0.0,0.0,2.0,1.0,-52.0
126,timeout,0.12703325098846108,0.5958267733801118,0.36,0.9495669334502795,0.4711111111111111,0.0,0.0,1.0,0.0,1.0,0.0,200.0,escaped,0.10482215497177094,0.9291006763285024,0.8952,0.979951690821256,0.8888888888888888,1.0,0.0,0.0,0.0,2.0,1.0,38.0,0.33327390294839054,0.5352,0.030384757370976456,0.41777777777777775,1.0,0.0,-1.0,0.0,1.0,1.0,-162.0
127,caught,0.05765953098307364,0.39551882063882066,0.024800000000000013,0.9515970515970515,0.4088888888888889,0.0,1.0,0.0,0.0,0.0,0.0,62.0,escaped,0.10463642902323045,0.9227522452660055,0.8956000000000001,0.9634806131650135,0.88,1.0,0.0,0.0,0.0,2.0,1.0,39.0,0.5272334246271848,0.8708,0.011883561567961998,0.4711111111111111,1.0,-1.0,0.0,0.0,2.0,1.0,-23.0
128,caught,0.08124358498025686,0.4661740785832872,0.12680000000000002,0.975235196458218,0.3111111111111111,0.0,1.0,0.0,0.0,1.0,0.0,117.0,escaped,0.27037215599557385,0.9392064292022373,0.9132,0.9782160730055932,1.0,1.0,0.0,0.0,0.0,2.0,1.0,83.0,0.4730323506189501,0.7864,0.002980876547375222,0.6888888888888889,1.0,-1.0,0.0,0.0,1.0,1.0,-34.0
129,caught,0.13894213599269278,0.4458008663497095,0.07880000000000001,0.9963021658742737,0.1288888888888889,0.0,1.0,0.0,0.0,0.0,0.0,197.0,escaped,0.12585495199891739,0.9326668611203182,0.8996000000000001,0.9822671528007955,0.84,1.0,0.0,0.0,0.0,2.0,1.0,49.0,0.48686599477060866,0.8208000000000001,-0.014035013073478209,0.711111111111111,1.0,-1.0,0.0,0.0,2.0,1.0,-148.0
130,caught,0.07491364699671976,0.4661890252707581,0.1228,0.9812725631768953,0.6266666666666667,0.0,1.0,0.0,0.0,1.0,0.0,107.0,escaped,0.19092001701937988,0.9392136215802563,0.908,0.9860340539506409,0.9688888888888889,1.0,0.0,0.0,0.0,2.0,1.0,70.0,0.4730245963094982,0.7852,0.004761490773745658,0.3422222222222222,1.0,-1.0,0.0,0.0,1.0,1.0,-37.0
131,escaped,0.03847337100887671,0.9323783288983502,0.8912,0.9941458222458754,0.48,1.0,0.0,0.0,0.0,2.0,1.0,28.0,escaped,0.11212851700838655,0.930606799822459,0.8984,0.9789169995561473,0.7777777777777778,1.0,0.0,0.0,0.0,2.0,1.0,46.0,-0.0017715290758911761,0.007199999999999984,-0.015228822689728139,0.2977777777777778,0.0,0.0,0.0,0.0,0.0,0.0,18.0
132,timeout,0.13903801000560634,0.6574494240952018,0.44,0.9836235602380042,0.6222222222222222,0.0,0.0,1.0,0.0,2.0,0.0,200.0,escaped,0.1111582930025179,0.9256200042671217,0.8967999999999999,0.9688500106678045,0.7911111111111111,1.0,0.0,0.0,0.0,2.0,1.0,42.0,0.26817058017191986,0.45679999999999993,-0.014773549570199718,0.16888888888888887,1.0,0.0,-1.0,0.0,0.0,1.0,-158.0
133,timeout,0.12976814698777162,0.5534663212435234,0.28,0.9636658031088083,0.41333333333333333,0.0,0.0,1.0,0.0,0.0,0.0,200.0,escaped,0.14932802598923445,0.9331724424647364,0.9004,0.9823311061618412,0.8933333333333333,1.0,0.0,0.0,0.0,2.0,1.0,51.0,0.37970612122121306,0.6204,0.018665303053032822,0.48,1.0,0.0,-1.0,0.0,2.0,1.0,-149.0
134,caught,0.06656372401630506,0.41530878612716765,0.038400000000000004,0.9806719653179191,0.27111111111111114,0.0,1.0,0.0,0.0,0.0,0.0,96.0,escaped,0.4000030040042475,0.9560111062484804,0.9356,0.986627765621201,0.9511111111111111,1.0,0.0,0.0,0.0,2.0,1.0,139.0,0.5407023201213128,0.8972,0.005955800303281911,0.6799999999999999,1.0,-1.0,0.0,0.0,2.0,1.0,43.0
135,caught,0.13553677301388234,0.47170513219284604,0.148,0.9572628304821151,0.5111111111111111,0.0,1.0,0.0,0.0,1.0,0.0,170.0,escaped,0.13773089298047125,0.9275818156228008,0.8976000000000001,0.9725545390570021,0.8933333333333333,1.0,0.0,0.0,0.0,2.0,1.0,44.0,0.4558766834299548,0.7496,0.01529170857488693,0.38222222222222224,1.0,-1.0,0.0,0.0,1.0,1.0,-126.0
136,caught,0.07586258600349538,0.4575903601909446,0.1172,0.9681759004773615,0.4,0.0,1.0,0.0,0.0,1.0,0.0,93.0,escaped,0.10415739900781773,0.9285845544554455,0.8984,0.9738613861386138,0.7288888888888889,1.0,0.0,0.0,0.0,2.0,1.0,46.0,0.4709941942645009,0.7812,0.005685485661252376,0.3288888888888889,1.0,-1.0,0.0,0.0,1.0,1.0,-47.0
137,caught,0.06293338400428183,0.41051195449004474,0.031199999999999988,0.9794798862251117,0.3244444444444444,0.0,1.0,0.0,0.0,0.0,0.0,78.0,escaped,0.19443170799058862,0.937941296111665,0.9084,0.9822532402791625,0.9688888888888889,1.0,0.0,0.0,0.0,2.0,1.0,71.0,0.5274293416216203,0.8772,0.0027733540540507695,0.6444444444444445,1.0,-1.0,0.0,0.0,2.0,1.0,-7.0
138,timeout,0.0865635160007514,0.5680000000000001,0.28,1.0,0.1111111111111111,0.0,0.0,1.0,0.0,0.0,0.0,200.0,escaped,0.09701210100320168,0.9306623867460523,0.896,0.9826559668651307,0.7511111111111111,1.0,0.0,0.0,0.0,2.0,1.0,40.0,0.3626623867460522,0.616,-0.01734403313486932,0.6399999999999999,1.0,0.0,-1.0,0.0,2.0,1.0,-160.0
139,timeout,0.11436873298953287,0.5633375773334529,0.28,0.9883439433336322,0.28,0.0,0.0,1.0,0.0,0.0,0.0,200.0,escaped,0.1711836539907381,0.9358809048893213,0.904,0.9837022622233034,0.9466666666666667,1.0,0.0,0.0,0.0,2.0,1.0,60.0,0.3725433275558684,0.624,-0.00464168111032881,0.6666666666666666,1.0,0.0,-1.0,0.0,2.0,1.0,-140.0
140,caught,0.029579419002402574,0.40072,0.0051999999999999885,0.994,0.18222222222222223,0.0,1.0,0.0,0.0,0.0,0.0,13.0,escaped,0.08823368701268919,0.9275878872420807,0.8952,0.9761697181052019,0.7288888888888889,1.0,0.0,0.0,0.0,2.0,1.0,38.0,0.5268678872420807,0.89,-0.017830281894798072,0.5466666666666666,1.0,-1.0,0.0,0.0,2.0,1.0,25.0
141,caught,0.08205896700383164,0.4600749117674814,0.1212,0.9683872794187034,0.5733333333333334,0.0,1.0,0.0,0.0,1.0,0.0,103.0,escaped,0.21548418799648061,0.9396494964028776,0.9092,0.9853237410071942,0.8933333333333333,1.0,0.0,0.0,0.0,2.0,1.0,73.0,0.47957458463539626,0.788,0.016936461588490825,0.31999999999999995,1.0,-1.0,0.0,0.0,1.0,1.0,-30.0
142,timeout,0.11985082901082933,0.5625424292845258,0.28,0.9863560732113145,0.3244444444444444,0.0,0.0,1.0,0.0,0.0,0.0,200.0,escaped,0.14634271801332943,0.9291791275988586,0.898,0.9759478189971463,0.7911111111111111,1.0,0.0,0.0,0.0,2.0,1.0,45.0,0.36663669831433277,0.618,-0.010408254214168133,0.4666666666666667,1.0,0.0,-1.0,0.0,2.0,1.0,-155.0
143,caught,0.07813879899913445,0.4790675405374759,0.1376,0.9912688513436898,0.3377777777777778,0.0,1.0,0.0,0.0,1.0,0.0,144.0,escaped,0.18215867798426189,0.9369925562685566,0.9067999999999999,0.9822813906713916,1.0,1.0,0.0,0.0,0.0,2.0,1.0,67.0,0.4579250157310807,0.7691999999999999,-0.008987460672298164,0.6622222222222223,1.0,-1.0,0.0,0.0,1.0,1.0,-77.0
144,caught,0.046834854991175234,0.413203595505618,0.02680000000000001,0.992808988764045,0.17333333333333334,0.0,1.0,0.0,0.0,0.0,0.0,67.0,escaped,0.13483664899831638,0.935234302759135,0.902,0.9850857568978374,0.7422222222222222,1.0,0.0,0.0,0.0,2.0,1.0,55.0,0.522030707253517,0.8752,-0.007723231866207603,0.5688888888888889,1.0,-1.0,0.0,0.0,2.0,1.0,-12.0
145,timeout,0.1380306459905114,0.6517531954647756,0.44,0.969382988661939,0.7066666666666667,0.0,0.0,1.0,0.0,2.0,0.0,200.0,escaped,0.2633945740235504,0.9409454417788181,0.9144,0.980763604447045,0.9955555555555555,1.0,0.0,0.0,0.0,2.0,1.0,86.0,0.2891922463140425,0.4744,0.011380615785106074,0.28888888888888886,1.0,0.0,-1.0,0.0,0.0,1.0,-114.0
146,caught,0.03381018099025823,0.4017066666666667,0.008400000000000006,0.9916666666666667,0.13333333333333333,0.0,1.0,0.0,0.0,0.0,0.0,21.0,escaped,0.07378690398763865,0.9251239631021524,0.8932,0.973009907755381,0.6177777777777778,1.0,0.0,0.0,0.0,2.0,1.0,33.0,0.5234172964354857,0.8848,-0.01865675891128571,0.48444444444444446,1.0,-1.0,0.0,0.0,2.0,1.0,12.0
147,timeout,0.10796570300590247,0.5655620849631584,0.28,0.993905212407896,0.24888888888888888,0.0,0.0,1.0,0.0,0.0,0.0,200.0,escaped,0.2090398240252398,0.936333248537268,0.91,0.9758331213431697,0.9555555555555556,1.0,0.0,0.0,0.0,2.0,1.0,75.0,0.37077116357410955,0.63,-0.018072091064726292,0.7066666666666668,1.0,0.0,-1.0,0.0,2.0,1.0,-125.0
148,caught,0.04966821600100957,0.4551687162412135,0.1028,0.9837217906030337,0.27111111111111114,0.0,1.0,0.0,0.0,1.0,0.0,57.0,escaped,0.20942329498939216,0.9374385027988972,0.9096000000000001,0.9791962569972429,0.9822222222222222,1.0,0.0,0.0,0.0,2.0,1.0,74.0,0.48226978655768366,0.8068000000000001,-0.004525533605790777,0.711111111111111,1.0,-1.0,0.0,0.0,1.0,1.0,17.0
149,timeout,0.1385237749782391,0.6515481881264457,0.44,0.9688704703161141,0.5288888888888889,0.0,0.0,1.0,0.0,2.0,0.0,200.0,escaped,0.07649170100921765,0.9318158389261744,0.8924,0.9909395973154362,0.6,1.0,0.0,0.0,0.0,2.0,1.0,31.0,0.2802676507997287,0.45239999999999997,0.022069126999322175,0.07111111111111112,1.0,0.0,-1.0,0.0,0.0,1.0,-169.0
150,caught,0.029949459014460444,0.45064000000000004,0.0844,1.0,0.20444444444444446,0.0,1.0,0.0,0.0,1.0,0.0,11.0,escaped,0.16106682200916111,0.9288314450867051,0.8967999999999999,0.976878612716763,0.88,1.0,0.0,0.0,0.0,2.0,1.0,42.0,0.4781914450867051,0.8123999999999999,-0.023121387283236983,0.6755555555555556,1.0,-1.0,0.0,0.0,1.0,1.0,31.0
151,timeout,0.09135569000500254,0.5634134284622245,0.28,0.9885335711555612,0.21777777777777776,0.0,0.0,1.0,0.0,0.0,0.0,200.0,escaped,0.19016121502500027,0.9378225848003435,0.912,0.9765564620008588,0.9111111111111111,1.0,0.0,0.0,0.0,2.0,1.0,80.0,0.374409156338119,0.632,-0.011977109154702403,0.6933333333333334,1.0,0.0,-1.0,0.0,2.0,1.0,-120.0
152,caught,0.06483726797159761,0.43133255157437567,0.052800000000000014,0.9991313789359392,0.15555555555555556,0.0,1.0,0.0,0.0,0.0,0.0,132.0,escaped,0.05848644798970781,0.9334173778920308,0.8904,0.9979434447300771,0.4222222222222222,1.0,0.0,0.0,0.0,2.0,1.0,26.0,0.5020848263176552,0.8375999999999999,-0.0011879342058620512,0.26666666666666666,1.0,-1.0,0.0,0.0,2.0,1.0,-106.0
153,timeout,0.12469803800922818,0.5574023836062763,0.28,0.9735059590156906,0.28,0.0,0.0,1.0,0.0,0.0,0.0,200.0,escaped,0.32584458601195365,0.9437548773077822,0.9188,0.9811871932694555,0.9955555555555555,1.0,0.0,0.0,0.0,2.0,1.0,97.0,0.38635249370150593,0.6387999999999999,0.007681234253764879,0.7155555555555555,1.0,0.0,-1.0,0.0,2.0,1.0,-103.0
154,timeout,0.10319835098925978,0.5670793511617712,0.28,0.9976983779044278,0.20444444444444446,0.0,0.0,1.0,0.0,0.0,0.0,200.0,escaped,0.1208170139871072,0.9311228883736338,0.9,0.9778072209340841,0.8888888888888888,1.0,0.0,0.0,0.0,2.0,1.0,50.0,0.36404353721186256,0.62,-0.019891156970343715,0.6844444444444444,1.0,0.0,-1.0,0.0,2.0,1.0,-150.0
155,caught,0.04376756999408826,0.4073896779082986,0.020400000000000005,0.9878741947707464,0.3333333333333333,0.0,1.0,0.0,0.0,0.0,0.0,51.0,escaped,0.08623682800680399,0.9245361127499181,0.8927999999999999,0.9721402818747952,0.6755555555555556,1.0,0.0,0.0,0.0,2.0,1.0,32.0,0.5171464348416195,0.8724,-0.015733912895951274,0.34222222222222226,1.0,-1.0,0.0,0.0,2.0,1.0,-19.0
156,timeout,0.09869693798827939,0.5606502041609955,0.28,0.9816255104024888,0.24444444444444444,0.0,0.0,1.0,0.0,0.0,0.0,200.0,escaped,0.13571410300210118,0.9288387009927646,0.898,0.9750967524819115,0.8711111111111111,1.0,0.0,0.0,0.0,2.0,1.0,45.0,0.368188496831769,0.618,-0.006528757920577277,0.6266666666666666,1.0,0.0,-1.0,0.0,2.0,1.0,-155.0
157,caught,0.0863464739813935,0.4995449887271982,0.2,0.9488624718179955,0.5466666666666666,0.0,1.0,0.0,0.0,2.0,0.0,100.0,escaped,0.2570990679960232,0.9355631847133759,0.9076000000000001,0.9775079617834395,0.9777777777777777,1.0,0.0,0.0,0.0,2.0,1.0,69.0,0.43601819598617764,0.7076,0.028645489965443915,0.4311111111111111,1.0,-1.0,0.0,0.0,0.0,1.0,-31.0
158,caught,0.0629260560090188,0.5171619142501334,0.2012,0.9911047856253336,0.4622222222222222,0.0,1.0,0.0,0.0,2.0,0.0,103.0,escaped,0.10359678100212477,0.928537830623635,0.894,0.9803445765590876,0.8311111111111111,1.0,0.0,0.0,0.0,2.0,1.0,35.0,0.4113759163735017,0.6928000000000001,-0.010760209066245974,0.36888888888888893,1.0,-1.0,0.0,0.0,0.0,1.0,-68.0
159,timeout,0.13842488298541866,0.6533852793654498,0.44,0.9734631984136242,0.5777777777777777,0.0,0.0,1.0,0.0,2.0,0.0,200.0,escaped,0.255922995012952,0.9415244834571236,0.9116000000000001,0.986411208642809,0.8488888888888889,1.0,0.0,0.0,0.0,2.0,1.0,79.0,0.2881392040916738,0.4716000000000001,0.012948010229184792,0.2711111111111112,1.0,0.0,-1.0,0.0,0.0,1.0,-121.0
160,caught,0.0272087570047006,0.39816132231404966,0.0051999999999999885,0.987603305785124,0.20444444444444446,0.0,1.0,0.0,0.0,0.0,0.0,13.0,escaped,0.18523146799998358,0.9323464529425234,0.9047999999999999,0.9736661323563087,0.9377777777777778,1.0,0.0,0.0,0.0,2.0,1.0,62.0,0.5341851306284737,0.8996,-0.013937173428815286,0.7333333333333334,1.0,-1.0,0.0,0.0,2.0,1.0,49.0
161,caught,0.10303306701825932,0.4325075037369208,0.07680000000000001,0.966068759342302,0.15555555555555556,0.0,1.0,0.0,0.0,0.0,0.0,192.0,escaped,0.2800656240142416,0.9435669061184047,0.918,0.9819172652960119,0.9777777777777777,1.0,0.0,0.0,0.0,2.0,1.0,95.0,0.5110594023814838,0.8412000000000001,0.0158485059537099,0.8222222222222222,1.0,-1.0,0.0,0.0,2.0,1.0,-97.0
162,timeout,0.13466922601219267,0.6087400703871292,0.36,0.981850175967823,0.48,0.0,0.0,1.0,0.0,1.0,0.0,200.0,escaped,0.32912305399077013,0.9462998862343572,0.924,0.9797497155858931,0.9733333333333334,1.0,0.0,0.0,0.0,2.0,1.0,110.0,0.33755981584722805,0.5640000000000001,-0.002100460381929903,0.4933333333333334,1.0,0.0,-1.0,0.0,1.0,1.0,-90.0
163,timeout,0.10203577001811936,0.5680000000000001,0.28,1.0,0.13333333333333333,0.0,0.0,1.0,0.0,0.0,0.0,200.0,escaped,0.21324230401660316,0.9347697769685935,0.906,0.9779244424214838,0.8533333333333334,1.0,0.0,0.0,0.0,2.0,1.0,65.0,0.3667697769685935,0.626,-0.022075557578516203,0.7200000000000001,1.0,0.0,-1.0,0.0,2.0,1.0,-135.0
164,caught,0.05471028501051478,0.42137115683584825,0.037599999999999995,0.9970278920896205,0.26666666666666666,0.0,1.0,0.0,0.0,0.0,0.0,94.0,escaped,0.14356088699423708,0.9416900954077089,0.9124,0.9856252385192723,0.6711111111111111,1.0,0.0,0.0,0.0,2.0,1.0,81.0,0.5203189385718606,0.8748,-0.011402653570348198,0.40444444444444444,1.0,-1.0,0.0,0.0,2.0,1.0,-13.0
165,caught,0.03364228698774241,0.40488216532553034,0.009599999999999994,0.9978054133138259,0.3244444444444444,0.0,1.0,0.0,0.0,0.0,0.0,24.0,escaped,0.4733510249934625,0.9498928239202657,0.9304,0.9791320598006644,0.9511111111111111,1.0,0.0,0.0,0.0,2.0,1.0,126.0,0.5450106585947354,0.9208000000000001,-0.01867335351316146,0.6266666666666667,1.0,-1.0,0.0,0.0,2.0,1.0,102.0
166,caught,0.12785420700674877,0.4709771736854819,0.1468,0.9572429342137048,0.3688888888888889,0.0,1.0,0.0,0.0,1.0,0.0,167.0,escaped,0.17087805701885372,0.9285271148279189,0.902,0.9683177870697973,0.7777777777777778,1.0,0.0,0.0,0.0,2.0,1.0,55.0,0.457549941142437,0.7552,0.011074852856092554,0.4088888888888889,1.0,-1.0,0.0,0.0,1.0,1.0,-112.0
167,timeout,0.17111530402326025,0.6056511692188623,0.36,0.9741279230471557,0.48444444444444446,0.0,0.0,1.0,0.0,1.0,0.0,200.0,escaped,0.1324287430034019,0.9296999562363238,0.8964,0.9796498905908096,0.7955555555555556,1.0,0.0,0.0,0.0,2.0,1.0,41.0,0.32404878701746154,0.5364,0.005521967543653972,0.3111111111111111,1.0,0.0,-1.0,0.0,1.0,1.0,-159.0
168,timeout,0.1585501840163488,0.5904587075092281,0.36,0.9361467687730703,0.4577777777777778,0.0,0.0,1.0,0.0,1.0,0.0,200.0,escaped,0.10370875199441798,0.9276414937759336,0.896,0.975103734439834,0.7777777777777778,1.0,0.0,0.0,0.0,2.0,1.0,40.0,0.3371827862667055,0.536,0.038956965666763654,0.32,1.0,0.0,-1.0,0.0,1.0,1.0,-160.0
169,caught,0.08532815700164065,0.4096,0.016,1.0,0.3288888888888889,0.0,1.0,0.0,0.0,0.0,0.0,40.0,escaped,0.30546679502003826,0.9446994025604551,0.9176,0.985348506401138,0.9911111111111112,1.0,0.0,0.0,0.0,2.0,1.0,94.0,0.5350994025604552,0.9016,-0.014651493598861975,0.6622222222222223,1.0,-1.0,0.0,0.0,2.0,1.0,54.0
170,caught,0.07752048200927675,0.4293035838150289,0.0604,0.9826589595375722,0.1288888888888889,0.0,1.0,0.0,0.0,0.0,0.0,151.0,escaped,0.21387322997907177,0.941750053285968,0.9176,0.97797513321492,0.8888888888888888,1.0,0.0,0.0,0.0,2.0,1.0,94.0,0.512446469470939,0.8572,-0.004683826322652185,0.76,1.0,-1.0,0.0,0.0,2.0,1.0,-57.0
171,caught,0.1002228319994174,0.47076872607982506,0.14,0.9669218151995626,0.4,0.0,1.0,0.0,0.0,1.0,0.0,150.0,escaped,0.10543175000930205,0.9319937172774868,0.898,0.9829842931937173,0.7155555555555555,1.0,0.0,0.0,0.0,2.0,1.0,45.0,0.46122499119766175,0.758,0.016062477994154722,0.3155555555555555,1.0,-1.0,0.0,0.0,1.0,1.0,-105.0
172,caught,0.07542497001122683,0.46675250281707775,0.12919999999999998,0.9730812570426943,0.43555555555555553,0.0,1.0,0.0,0.0,1.0,0.0,123.0,escaped,0.067510841996409,0.9290842577842144,0.8876000000000001,0.9913106444605359,0.5155555555555555,1.0,0.0,0.0,0.0,2.0,1.0,19.0,0.4623317549671367,0.7584000000000001,0.018229387417841525,0.08000000000000002,1.0,-1.0,0.0,0.0,1.0,1.0,-104.0
173,timeout,0.14127606598776765,0.5999226105320526,0.36,0.9598065263301315,0.4088888888888889,0.0,0.0,1.0,0.0,1.0,0.0,200.0,escaped,0.2764757180120796,0.943187775012444,0.9156,0.98456943753111,0.9733333333333334,1.0,0.0,0.0,0.0,2.0,1.0,89.0,0.34326516448039135,0.5556,0.02476291120097851,0.5644444444444445,1.0,0.0,-1.0,0.0,1.0,1.0,-111.0
174,timeout,0.09991229002480395,0.5626691176470588,0.28,0.9866727941176471,0.2,0.0,0.0,1.0,0.0,0.0,0.0,200.0,escaped,0.1664325709862169,0.9356154247722236,0.9064,0.979438561930559,0.8311111111111111,1.0,0.0,0.0,0.0,2.0,1.0,66.0,0.37294630712516474,0.6264,-0.007234232187088074,0.6311111111111112,1.0,0.0,-1.0,0.0,2.0,1.0,-134.0
175,timeout,0.09834947198396549,0.6047012987012987,0.36,0.9717532467532467,0.3288888888888889,0.0,0.0,1.0,0.0,1.0,0.0,200.0,escaped,0.20957758100121282,0.9382600928028433,0.9152,0.9728502320071083,0.9511111111111111,1.0,0.0,0.0,0.0,2.0,1.0,88.0,0.33355879410154454,0.5552,0.0010969852538615932,0.6222222222222222,1.0,0.0,-1.0,0.0,1.0,1.0,-112.0
176,timeout,0.18304698399151675,0.6060579523502898,0.36,0.9751448808757244,0.5244444444444445,0.0,0.0,1.0,0.0,1.0,0.0,200.0,escaped,0.2418158759828657,0.9412173292970063,0.9124,0.9844433232425159,0.8666666666666667,1.0,0.0,0.0,0.0,2.0,1.0,81.0,0.3351593769467165,0.5524,0.00929844236679156,0.3422222222222222,1.0,0.0,-1.0,0.0,1.0,1.0,-119.0
177,timeout,0.1293737259984482,0.5619770175670321,0.28,0.9849425439175803,0.4311111111111111,0.0,0.0,1.0,0.0,0.0,0.0,200.0,escaped,0.21937040501507,0.939260851522948,0.91,0.9831521288073699,0.9422222222222222,1.0,0.0,0.0,0.0,2.0,1.0,75.0,0.3772838339559159,0.63,-0.001790415110210386,0.5111111111111111,1.0,0.0,-1.0,0.0,2.0,1.0,-125.0
178,caught,0.1418983780022245,0.4881044587099873,0.16,0.9802611467749683,0.6622222222222223,0.0,1.0,0.0,0.0,1.0,0.0,200.0,escaped,0.15146463699056767,0.9346316090584028,0.8987999999999999,0.9883790226460072,0.8844444444444445,1.0,0.0,0.0,0.0,2.0,1.0,47.0,0.4465271503484155,0.7387999999999999,0.008117875871038849,0.2222222222222222,1.0,-1.0,0.0,0.0,1.0,1.0,-153.0
179,caught,0.10109606399782933,0.4761111143793034,0.1404,0.9796777859482586,0.6088888888888889,0.0,1.0,0.0,0.0,1.0,0.0,151.0,escaped,0.21106386900646612,0.9399014154511076,0.9092,0.9859535386277688,0.9066666666666666,1.0,0.0,0.0,0.0,2.0,1.0,73.0,0.4637903010718042,0.7688,0.006275752679510194,0.2977777777777777,1.0,-1.0,0.0,0.0,1.0,1.0,-78.0
180,timeout,0.09616673202253878,0.5680000000000001,0.28,1.0,0.1111111111111111,0.0,0.0,1.0,0.0,0.0,0.0,200.0,escaped,0.08645475198864006,0.9304397619880994,0.892,0.9880994049702485,0.6622222222222223,1.0,0.0,0.0,0.0,2.0,1.0,30.0,0.36243976198809935,0.612,-0.011900595029751493,0.5511111111111111,1.0,0.0,-1.0,0.0,2.0,1.0,-170.0
181,caught,0.04666382700088434,0.45906179675994113,0.1004,0.9970544918998527,0.2222222222222222,0.0,1.0,0.0,0.0,1.0,0.0,51.0,escaped,0.40790122901671566,0.9503868265721139,0.9292,0.9821670664302847,0.8933333333333333,1.0,0.0,0.0,0.0,2.0,1.0,123.0,0.4913250298121728,0.8288,-0.014887425469568005,0.6711111111111111,1.0,-1.0,0.0,0.0,1.0,1.0,72.0
182,caught,0.06207398499827832,0.42304,0.038400000000000004,1.0,0.13333333333333333,0.0,1.0,0.0,0.0,0.0,0.0,96.0,escaped,0.3750356040254701,0.9476288403765272,0.926,0.9800721009413178,1.0,1.0,0.0,0.0,0.0,2.0,1.0,115.0,0.5245888403765271,0.8876000000000001,-0.019927899058682197,0.8666666666666667,1.0,-1.0,0.0,0.0,2.0,1.0,19.0
183,timeout,0.08984276500996202,0.5680000000000001,0.28,1.0,0.1111111111111111,0.0,0.0,1.0,0.0,0.0,0.0,200.0,escaped,0.1317031799990218,0.9326825542467452,0.9032,0.9769063856168629,0.6888888888888889,1.0,0.0,0.0,0.0,2.0,1.0,58.0,0.3646825542467451,0.6232,-0.023093614383137062,0.5777777777777777,1.0,0.0,-1.0,0.0,2.0,1.0,-142.0
184,caught,0.02699790202314034,0.44861706840390886,0.0832,0.996742671009772,0.2222222222222222,0.0,1.0,0.0,0.0,1.0,0.0,8.0,timeout,0.5892283950233832,0.6566874437800942,0.44,0.9817186094502355,0.9733333333333334,0.0,0.0,1.0,0.0,2.0,0.0,200.0,0.2080703753761854,0.3568,-0.015024061559536506,0.7511111111111112,0.0,-1.0,1.0,0.0,1.0,0.0,192.0
185,caught,0.07216610800242051,0.4342155746140652,0.061599999999999995,0.9931389365351629,0.23555555555555555,0.0,1.0,0.0,0.0,0.0,0.0,154.0,escaped,0.14238366999779828,0.9383792491467577,0.9064,0.9863481228668942,0.5155555555555555,1.0,0.0,0.0,0.0,2.0,1.0,66.0,0.5041636745326925,0.8448,-0.006790813668268725,0.28,1.0,-1.0,0.0,0.0,2.0,1.0,-88.0
186,caught,0.048827409016666934,0.40448507638072856,0.028,0.9692126909518214,0.3333333333333333,0.0,1.0,0.0,0.0,0.0,0.0,70.0,escaped,0.298702455998864,0.9361863297110606,0.9092,0.9766658242776515,0.9866666666666667,1.0,0.0,0.0,0.0,2.0,1.0,73.0,0.531701253330332,0.8812,0.007453133325830086,0.6533333333333333,1.0,-1.0,0.0,0.0,2.0,1.0,3.0
187,timeout,0.12829734501428902,0.5647773921665841,0.28,0.9919434804164601,0.18666666666666668,0.0,0.0,1.0,0.0,0.0,0.0,200.0,escaped,0.18470097301178612,0.9358656794013391,0.9044,0.9830641985033478,0.9466666666666667,1.0,0.0,0.0,0.0,2.0,1.0,61.0,0.37108828723475507,0.6244,-0.008879281913112269,0.76,1.0,0.0,-1.0,0.0,2.0,1.0,-139.0
188,timeout,0.10603674297453836,0.5680000000000001,0.28,1.0,0.10666666666666667,0.0,0.0,1.0,0.0,0.0,0.0,200.0,escaped,0.16718085002503358,0.9334394495215569,0.9072,0.972798623803892,0.84,1.0,0.0,0.0,0.0,2.0,1.0,68.0,0.3654394495215568,0.6272,-0.027201376196107963,0.7333333333333333,1.0,0.0,-1.0,0.0,2.0,1.0,-132.0
189,caught,0.09053778799716383,0.470914644023514,0.13119999999999998,0.9804866100587851,0.6044444444444445,0.0,1.0,0.0,0.0,1.0,0.0,128.0,escaped,0.24244502998772077,0.9400805816342659,0.9132,0.9804014540856646,0.9733333333333334,1.0,0.0,0.0,0.0,2.0,1.0,83.0,0.46916593761075187,0.782,-8.515597312053202e-05,0.36888888888888893,1.0,-1.0,0.0,0.0,1.0,1.0,-45.0
190,caught,0.03927321400260553,0.3941046527309508,0.014,0.9642616318273769,0.21333333333333335,0.0,1.0,0.0,0.0,0.0,0.0,35.0,escaped,0.10105870000552386,0.9291517004680188,0.8944,0.9812792511700468,0.8088888888888889,1.0,0.0,0.0,0.0,2.0,1.0,36.0,0.5350470477370679,0.8804,0.017017619342669876,0.5955555555555555,1.0,-1.0,0.0,0.0,2.0,1.0,1.0
191,caught,0.07736157500767149,0.4202086458028664,0.05240000000000001,0.9719216145071659,0.3377777777777778,0.0,1.0,0.0,0.0,0.0,0.0,131.0,escaped,0.10549612698378041,0.9279772542648255,0.9,0.9699431356620634,0.6444444444444445,1.0,0.0,0.0,0.0,2.0,1.0,50.0,0.507768608461959,0.8476,-0.0019784788451024937,0.3066666666666667,1.0,-1.0,0.0,0.0,2.0,1.0,-81.0
192,caught,0.07525635999627411,0.468296839309429,0.1264,0.9811420982735723,0.5911111111111111,0.0,1.0,0.0,0.0,1.0,0.0,116.0,escaped,0.0716471619962249,0.9279177464788733,0.8916000000000001,0.9823943661971831,0.6044444444444445,1.0,0.0,0.0,0.0,2.0,1.0,29.0,0.45962090716944426,0.7652000000000001,0.0012522679236107725,0.013333333333333308,1.0,-1.0,0.0,0.0,1.0,1.0,-87.0
193,caught,0.1072388049797155,0.4599404921027184,0.11480000000000001,0.977651230256796,0.5822222222222222,0.0,1.0,0.0,0.0,1.0,0.0,87.0,caught,0.20270529499975964,0.5101695808383233,0.1916,0.9880239520958084,0.6444444444444445,0.0,1.0,0.0,0.0,2.0,0.0,79.0,0.05022908873560489,0.07679999999999998,0.010372721839012389,0.06222222222222229,0.0,0.0,0.0,0.0,1.0,0.0,-8.0
194,timeout,0.11886536498786882,0.5587267517582705,0.28,0.976816879395676,0.36444444444444446,0.0,0.0,1.0,0.0,0.0,0.0,200.0,escaped,0.07338166801491752,0.9309066666666667,0.8904,0.9916666666666667,0.6311111111111111,1.0,0.0,0.0,0.0,2.0,1.0,26.0,0.3721799149083962,0.6103999999999999,0.014849787270990733,0.2666666666666666,1.0,0.0,-1.0,0.0,2.0,1.0,-174.0
195,timeout,0.14625704099307768,0.6077887533994211,0.36,0.9794718834985525,0.7022222222222222,0.0,0.0,1.0,0.0,1.0,0.0,200.0,escaped,0.645936435990734,0.9648658585371731,0.9504,0.9865646463429328,0.9777777777777777,1.0,0.0,0.0,0.0,2.0,1.0,176.0,0.35707710513775204,0.5904,0.007092762844380318,0.27555555555555555,1.0,0.0,-1.0,0.0,1.0,1.0,-24.0
196,caught,0.06885934199090116,0.5143014018043026,0.1992,0.9869535045107565,0.43555555555555553,0.0,1.0,0.0,0.0,2.0,0.0,98.0,escaped,0.26921871199738234,0.9459259138911453,0.918,0.9878147847278635,0.9866666666666667,1.0,0.0,0.0,0.0,2.0,1.0,95.0,0.4316245120868427,0.7188000000000001,0.0008612802171070744,0.5511111111111111,1.0,-1.0,0.0,0.0,0.0,1.0,-3.0
197,caught,0.0387615239887964,0.4486490962099125,0.09079999999999999,0.9854227405247813,0.36,0.0,1.0,0.0,0.0,1.0,0.0,27.0,escaped,0.3296172769914847,0.9401779444861216,0.914,0.9794448612153038,0.9822222222222222,1.0,0.0,0.0,0.0,2.0,1.0,85.0,0.4915288482762091,0.8232,-0.005977879309477463,0.6222222222222222,1.0,-1.0,0.0,0.0,1.0,1.0,58.0
198,timeout,0.08731731801526621,0.5680000000000001,0.28,1.0,0.1111111111111111,0.0,0.0,1.0,0.0,0.0,0.0,200.0,escaped,0.11957490700297058,0.931788250157928,0.896,0.98547062539482,0.6755555555555556,1.0,0.0,0.0,0.0,2.0,1.0,40.0,0.36378825015792793,0.616,-0.014529374605180001,0.5644444444444445,1.0,0.0,-1.0,0.0,2.0,1.0,-160.0
199,caught,0.09326264300034381,0.5188006856653097,0.214,0.9760017141632741,0.6222222222222222,0.0,1.0,0.0,0.0,2.0,0.0,135.0,escaped,0.06520972200087272,0.9317464788732395,0.89,0.9943661971830986,0.5911111111111111,1.0,0.0,0.0,0.0,2.0,1.0,25.0,0.4129457932079298,0.676,0.018364483019824518,-0.03111111111111109,1.0,-1.0,0.0,0.0,0.0,1.0,-110.0
200,caught,0.07152527701691724,0.41689118811881193,0.039599999999999996,0.9828279702970297,0.3422222222222222,0.0,1.0,0.0,0.0,0.0,0.0,99.0,escaped,0.15203344798646867,0.9297917821919711,0.9016000000000001,0.9720794554799278,0.8488888888888889,1.0,0.0,0.0,0.0,2.0,1.0,54.0,0.5129005940731592,0.8620000000000001,-0.010748514817101928,0.5066666666666667,1.0,-1.0,0.0,0.0,2.0,1.0,-45.0
201,caught,0.04606833899742924,0.41584000000000004,0.026400000000000007,1.0,0.08888888888888889,0.0,1.0,0.0,0.0,0.0,0.0,66.0,escaped,0.0381628560135141,0.9251498507462688,0.8852000000000001,0.9850746268656716,0.29777777777777775,1.0,0.0,0.0,0.0,2.0,1.0,13.0,0.5093098507462688,0.8588000000000001,-0.014925373134328401,0.20888888888888885,1.0,-1.0,0.0,0.0,2.0,1.0,-53.0
202,caught,0.09672323800623417,0.4226128475033738,0.05719999999999999,0.9707321187584346,0.48,0.0,1.0,0.0,0.0,0.0,0.0,143.0,escaped,0.1491014930070378,0.9304938271604939,0.9,0.9762345679012345,0.7911111111111111,1.0,0.0,0.0,0.0,2.0,1.0,50.0,0.5078809796571201,0.8428,0.005502449142799959,0.3111111111111111,1.0,-1.0,0.0,0.0,2.0,1.0,-93.0
203,caught,0.0874325500044506,0.5177899748263015,0.2084,0.9818749370657537,0.5466666666666666,0.0,1.0,0.0,0.0,2.0,0.0,121.0,escaped,0.1753378070134204,0.9337701126408009,0.9027999999999999,0.9802252816020025,0.9511111111111111,1.0,0.0,0.0,0.0,2.0,1.0,57.0,0.4159801378144994,0.6943999999999999,-0.0016496554637511762,0.4044444444444445,1.0,-1.0,0.0,0.0,0.0,1.0,-64.0
204,timeout,0.14782887900946662,0.554365730078305,0.28,0.9659143251957624,0.49777777777777776,0.0,0.0,1.0,0.0,0.0,0.0,200.0,escaped,0.26734787999885157,0.9339748272391815,0.9036000000000001,0.9795370680979537,0.96,1.0,0.0,0.0,0.0,2.0,1.0,59.0,0.37960909716087643,0.6236,0.013622742902191343,0.4622222222222222,1.0,0.0,-1.0,0.0,2.0,1.0,-141.0
205,caught,0.05137824401026592,0.4117707219784603,0.026,0.9904268049461508,0.17777777777777778,0.0,1.0,0.0,0.0,0.0,0.0,65.0,escaped,0.10439877101453021,0.9331876824378509,0.8972,0.9871692060946271,0.6622222222222223,1.0,0.0,0.0,0.0,2.0,1.0,43.0,0.5214169604593906,0.8712,-0.0032575988515236576,0.48444444444444446,1.0,-1.0,0.0,0.0,2.0,1.0,-22.0
206,caught,0.052714860008563846,0.4129490427098675,0.026,0.9933726067746687,0.48,0.0,1.0,0.0,0.0,0.0,0.0,65.0,escaped,0.1886654900154099,0.9344550289017342,0.9044,0.9795375722543352,0.9155555555555556,1.0,0.0,0.0,0.0,2.0,1.0,61.0,0.5215059861918667,0.8784,-0.013835034520333411,0.4355555555555556,1.0,-1.0,0.0,0.0,2.0,1.0,-4.0
207,caught,0.055758907983545214,0.4020081223922114,0.025599999999999994,0.9666203059805285,0.27555555555555555,0.0,1.0,0.0,0.0,0.0,0.0,64.0,escaped,0.31644056699587964,0.9457436243783972,0.9216,0.9819590609459928,0.9777777777777777,1.0,0.0,0.0,0.0,2.0,1.0,104.0,0.5437355019861858,0.896,0.01533875496546433,0.7022222222222222,1.0,-1.0,0.0,0.0,2.0,1.0,40.0
208,caught,0.028639641997870058,0.4504,0.084,1.0,0.26666666666666666,0.0,1.0,0.0,0.0,1.0,0.0,10.0,escaped,0.17556862300261855,0.9394248315022837,0.9076000000000001,0.9871620787557092,0.8488888888888889,1.0,0.0,0.0,0.0,2.0,1.0,69.0,0.4890248315022837,0.8236000000000001,-0.01283792124429084,0.5822222222222222,1.0,-1.0,0.0,0.0,1.0,1.0,59.0
209,caught,0.09489602901157923,0.4761785441482322,0.1448,0.9732463603705804,0.4222222222222222,0.0,1.0,0.0,0.0,1.0,0.0,162.0,escaped,0.15774752097786404,0.9336170349232233,0.9044,0.9774425873080581,0.8977777777777778,1.0,0.0,0.0,0.0,2.0,1.0,61.0,0.45743849077499116,0.7595999999999999,0.004196226937477676,0.47555555555555556,1.0,-1.0,0.0,0.0,1.0,1.0,-101.0
210,timeout,0.11501622802461497,0.5630959357567584,0.28,0.987739839391896,0.4533333333333333,0.0,0.0,1.0,0.0,0.0,0.0,200.0,escaped,0.2185170369921252,0.9396594840667678,0.914,0.9781487101669196,0.8888888888888888,1.0,0.0,0.0,0.0,2.0,1.0,85.0,0.3765635483100094,0.634,-0.009591129224976402,0.43555555555555553,1.0,0.0,-1.0,0.0,2.0,1.0,-115.0
211,timeout,0.14751897501992062,0.6519305342562275,0.44,0.9698263356405686,0.7688888888888888,0.0,0.0,1.0,0.0,2.0,0.0,200.0,escaped,0.16073944300296716,0.9287787341772151,0.8947999999999999,0.979746835443038,0.9111111111111111,1.0,0.0,0.0,0.0,2.0,1.0,37.0,0.27684819992098764,0.4547999999999999,0.00992049980246934,0.14222222222222225,1.0,0.0,-1.0,0.0,0.0,1.0,-163.0
212,caught,0.048811549990205094,0.4027960956564178,0.018,0.9799902391410444,0.23555555555555555,0.0,1.0,0.0,0.0,0.0,0.0,45.0,escaped,0.10185257298871875,0.928910239906378,0.894,0.981275599765945,0.7644444444444445,1.0,0.0,0.0,0.0,2.0,1.0,35.0,0.5261141442499602,0.876,0.0012853606249005889,0.528888888888889,1.0,-1.0,0.0,0.0,2.0,1.0,-10.0
213,timeout,0.132532106974395,0.5596458015267176,0.28,0.9791145038167939,0.37777777777777777,0.0,0.0,1.0,0.0,0.0,0.0,200.0,caught,0.062112593004712835,0.40528401179941004,0.00919999999999999,0.9994100294985251,0.5377777777777778,0.0,1.0,0.0,0.0,0.0,0.0,23.0,-0.15436178972730757,-0.27080000000000004,0.020295525681731208,0.16000000000000003,0.0,1.0,-1.0,0.0,0.0,0.0,-177.0
214,timeout,0.12951072500436567,0.6030147255689424,0.36,0.9675368139223561,0.4622222222222222,0.0,0.0,1.0,0.0,1.0,0.0,200.0,escaped,0.10425575901172124,0.9266258290033066,0.8944,0.9749645725082664,0.8,1.0,0.0,0.0,0.0,2.0,1.0,36.0,0.32361110343436417,0.5344,0.007427758585910271,0.33777777777777784,1.0,0.0,-1.0,0.0,1.0,1.0,-164.0
215,caught,0.03787826801999472,0.4046860335195531,0.012,0.9937150837988827,0.26666666666666666,0.0,1.0,0.0,0.0,0.0,0.0,30.0,escaped,0.13321033300599083,0.9313495652173913,0.9007999999999999,0.9771739130434782,0.9022222222222223,1.0,0.0,0.0,0.0,2.0,1.0,52.0,0.5266635316978382,0.8887999999999999,-0.01654117075540451,0.6355555555555557,1.0,-1.0,0.0,0.0,2.0,1.0,22.0
216,caught,0.03930582501925528,0.41032,0.01719999999999999,1.0,0.1111111111111111,0.0,1.0,0.0,0.0,0.0,0.0,43.0,escaped,0.12626724498113617,0.9266972039180765,0.8992,0.9679430097951914,0.84,1.0,0.0,0.0,0.0,2.0,1.0,48.0,0.5163772039180765,0.882,-0.032056990204808566,0.7288888888888889,1.0,-1.0,0.0,0.0,2.0,1.0,5.0
217,caught,0.080236204987159,0.4339509353567781,0.06319999999999999,0.9900773383919451,0.4,0.0,1.0,0.0,0.0,0.0,0.0,158.0,escaped,0.08565821501542814,0.9290627218934912,0.894,0.9816568047337279,0.7688888888888888,1.0,0.0,0.0,0.0,2.0,1.0,35.0,0.49511178653671306,0.8308,-0.008420533658217266,0.3688888888888888,1.0,-1.0,0.0,0.0,2.0,1.0,-123.0
218,timeout,0.13337287001195364,0.6043630968152192,0.36,0.9709077420380477,0.6311111111111111,0.0,0.0,1.0,0.0,1.0,0.0,200.0,escaped,0.14772795597673394,0.9347822818791947,0.9024,0.9833557046979866,0.9777777777777777,1.0,0.0,0.0,0.0,2.0,1.0,56.0,0.3304191850639755,0.5424,0.01244796265993886,0.3466666666666667,1.0,0.0,-1.0,0.0,1.0,1.0,-144.0
219,caught,0.07958281697938219,0.5181492257644763,0.2088,0.9821730644111907,0.5022222222222222,0.0,1.0,0.0,0.0,2.0,0.0,122.0,escaped,0.1228514269751031,0.9324827515268401,0.8924,0.9926068788171006,0.5822222222222222,1.0,0.0,0.0,0.0,2.0,1.0,31.0,0.4143335257623638,0.6836,0.010433814405909958,0.07999999999999996,1.0,-1.0,0.0,0.0,0.0,1.0,-91.0
220,timeout,0.1183866789797321,0.5549339486587829,0.28,0.967334871646957,0.3511111111111111,0.0,0.0,1.0,0.0,0.0,0.0,200.0,escaped,0.0722993620147463,0.9302512280701755,0.8896000000000001,0.9912280701754386,0.6977777777777778,1.0,0.0,0.0,0.0,2.0,1.0,24.0,0.3753172794113926,0.6096,0.023893198528481596,0.34666666666666673,1.0,0.0,-1.0,0.0,2.0,1.0,-176.0
221,timeout,0.09408321799128316,0.5680000000000001,0.28,1.0,0.1111111111111111,0.0,0.0,1.0,0.0,0.0,0.0,200.0,escaped,0.190292398998281,0.9346555398806293,0.9052,0.9788388497015735,0.9644444444444444,1.0,0.0,0.0,0.0,2.0,1.0,63.0,0.36665553988062927,0.6252,-0.021161150298426468,0.8533333333333333,1.0,0.0,-1.0,0.0,2.0,1.0,-137.0
222,caught,0.05423579702619463,0.41625729729729727,0.031599999999999996,0.9932432432432432,0.28888888888888886,0.0,1.0,0.0,0.0,0.0,0.0,79.0,caught,0.10632562299724668,0.49913233282286884,0.1756,0.9844308320571721,0.7244444444444444,0.0,1.0,0.0,0.0,2.0,0.0,39.0,0.08287503552557157,0.14400000000000002,-0.008812411186071123,0.4355555555555556,0.0,0.0,0.0,0.0,2.0,0.0,-40.0
223,timeout,0.10126607399433851,0.5679281092739037,0.28,0.9998202731847592,0.12444444444444444,0.0,0.0,1.0,0.0,0.0,0.0,200.0,escaped,0.22163858197745867,0.9381780882751152,0.9096000000000001,0.9810452206877877,0.8755555555555555,1.0,0.0,0.0,0.0,2.0,1.0,74.0,0.3702499790012115,0.6296,-0.018775052496971534,0.7511111111111111,1.0,0.0,-1.0,0.0,2.0,1.0,-126.0
224,caught,0.03170538801350631,0.40197706546275397,0.004800000000000012,0.9977426636568849,0.18222222222222223,0.0,1.0,0.0,0.0,0.0,0.0,12.0,escaped,0.23606218898203224,0.9407083790965456,0.9124,0.983170947741364,0.8844444444444445,1.0,0.0,0.0,0.0,2.0,1.0,81.0,0.5387313136337917,0.9076,-0.014571715915520866,0.7022222222222223,1.0,-1.0,0.0,0.0,2.0,1.0,69.0
225,caught,0.11643684701994061,0.4759666807610994,0.15480000000000002,0.9577167019027484,0.36,0.0,1.0,0.0,0.0,1.0,0.0,187.0,escaped,0.06857219801167957,0.9286443295953193,0.8892,0.9878108239882983,0.6711111111111111,1.0,0.0,0.0,0.0,2.0,1.0,23.0,0.4526776488342199,0.7343999999999999,0.030094122085549957,0.3111111111111111,1.0,-1.0,0.0,0.0,1.0,1.0,-164.0
226,caught,0.04841263699927367,0.4985263157894737,0.18,0.9763157894736842,0.4711111111111111,0.0,1.0,0.0,0.0,2.0,0.0,50.0,escaped,0.18187365899211727,0.9349949297176265,0.9036000000000001,0.9820873242940664,0.8888888888888888,1.0,0.0,0.0,0.0,2.0,1.0,59.0,0.43646861392815284,0.7236,0.005771534820382174,0.41777777777777775,1.0,-1.0,0.0,0.0,0.0,1.0,9.0
227,caught,0.03352045398787595,0.40696000000000004,0.011599999999999994,1.0,0.17777777777777778,0.0,1.0,0.0,0.0,0.0,0.0,29.0,escaped,0.07793367598787881,0.928739989136339,0.8892,0.9880499728408474,0.6,1.0,0.0,0.0,0.0,2.0,1.0,23.0,0.521779989136339,0.8776,-0.01195002715915261,0.42222222222222217,1.0,-1.0,0.0,0.0,2.0,1.0,-6.0
228,caught,0.08719888899940997,0.4624529668956902,0.112,0.9881324172392255,0.3422222222222222,0.0,1.0,0.0,0.0,1.0,0.0,80.0,caught,0.09410013598972,0.4545306659358729,0.096,0.9923266648396821,0.5644444444444444,0.0,1.0,0.0,0.0,1.0,0.0,40.0,-0.00792230095981733,-0.016,0.004194247600456613,0.2222222222222222,0.0,0.0,0.0,0.0,0.0,0.0,-40.0
229,caught,0.030662142991786823,0.443858064516129,0.086,0.9806451612903225,0.20444444444444446,0.0,1.0,0.0,0.0,1.0,0.0,15.0,escaped,0.2081192430050578,0.9387892346030615,0.9124,0.978373086507654,0.9466666666666667,1.0,0.0,0.0,0.0,2.0,1.0,81.0,0.4949311700869325,0.8264,-0.002272074782668554,0.7422222222222222,1.0,-1.0,0.0,0.0,1.0,1.0,66.0
230,caught,0.10582807002356276,0.46692869565217393,0.1416,0.9549217391304348,0.5644444444444444,0.0,1.0,0.0,0.0,1.0,0.0,154.0,escaped,0.08229315700009465,0.92662273655548,0.892,0.9785568413886998,0.6755555555555556,1.0,0.0,0.0,0.0,2.0,1.0,30.0,0.45969404090330607,0.7504,0.02363510225826504,0.11111111111111116,1.0,-1.0,0.0,0.0,1.0,1.0,-124.0
231,caught,0.06913723002071492,0.41635448464697833,0.04159999999999999,0.9784862116174458,0.22666666666666666,0.0,1.0,0.0,0.0,0.0,0.0,104.0,escaped,0.11545570698217489,0.9308637892289809,0.9004,0.9765594730724525,0.6888888888888889,1.0,0.0,0.0,0.0,2.0,1.0,51.0,0.5145093045820026,0.8588,-0.0019267385449932561,0.4622222222222222,1.0,-1.0,0.0,0.0,2.0,1.0,-53.0
232,caught,0.11631984802079387,0.5236387334484744,0.2384,0.951496833621186,0.48444444444444446,0.0,1.0,0.0,0.0,2.0,0.0,196.0,escaped,0.09063228601007722,0.9286177713458754,0.8927999999999999,0.9823444283646888,0.7688888888888888,1.0,0.0,0.0,0.0,2.0,1.0,32.0,0.404979037897401,0.6543999999999999,0.03084759474350285,0.2844444444444444,1.0,-1.0,0.0,0.0,0.0,1.0,-164.0
233,caught,0.023786799021763727,0.40144,0.002400000000000006,1.0,0.15555555555555556,0.0,1.0,0.0,0.0,0.0,0.0,6.0,escaped,0.12295456900028512,0.9391522476997225,0.9092,0.9840806192493062,0.5155555555555555,1.0,0.0,0.0,0.0,2.0,1.0,73.0,0.5377122476997225,0.9068,-0.015919380750693768,0.36,1.0,-1.0,0.0,0.0,2.0,1.0,67.0
234,timeout,0.16277439199620858,0.5526518050897613,0.28,0.9616295127244032,0.44,0.0,0.0,1.0,0.0,0.0,0.0,200.0,caught,0.10629498201888055,0.44599049095607235,0.09559999999999999,0.9715762273901809,0.6888888888888889,0.0,1.0,0.0,0.0,1.0,0.0,39.0,-0.10666131413368896,-0.18440000000000004,0.009946714665777678,0.24888888888888888,0.0,1.0,-1.0,0.0,1.0,0.0,-161.0
235,caught,0.06772079400252551,0.41514128440366976,0.036,0.9838532110091743,0.28444444444444444,0.0,1.0,0.0,0.0,0.0,0.0,90.0,escaped,0.11706489400239661,0.9325397222222221,0.8947999999999999,0.9891493055555556,0.8355555555555556,1.0,0.0,0.0,0.0,2.0,1.0,37.0,0.5173984378185523,0.8587999999999999,0.005296094546381247,0.5511111111111111,1.0,-1.0,0.0,0.0,2.0,1.0,-53.0
236,timeout,0.14058699097950011,0.5602156611039795,0.28,0.9805391527599486,0.5333333333333333,0.0,0.0,1.0,0.0,0.0,0.0,200.0,caught,0.11268391998601146,0.4045284678957406,0.015599999999999994,0.9879211697393515,0.8711111111111111,0.0,1.0,0.0,0.0,0.0,0.0,39.0,-0.15568719320823887,-0.2644,0.007382016979402883,0.33777777777777773,0.0,1.0,-1.0,0.0,0.0,0.0,-161.0
237,caught,0.08312762499554083,0.424559455557847,0.052,0.9833986388946174,0.6177777777777778,0.0,1.0,0.0,0.0,0.0,0.0,130.0,escaped,0.09242044601705857,0.9312648951048952,0.8936000000000001,0.9877622377622378,0.7911111111111111,1.0,0.0,0.0,0.0,2.0,1.0,34.0,0.5067054395470482,0.8416,0.0043635988676203885,0.17333333333333334,1.0,-1.0,0.0,0.0,2.0,1.0,-96.0
238,caught,0.09309683201718144,0.43189625750136396,0.07080000000000002,0.9735406437534098,0.19111111111111112,0.0,1.0,0.0,0.0,0.0,0.0,177.0,escaped,0.06043520200182684,0.9307425144175316,0.8887999999999999,0.9936562860438293,0.6133333333333333,1.0,0.0,0.0,0.0,2.0,1.0,22.0,0.4988462569161677,0.818,0.02011564229041951,0.42222222222222217,1.0,-1.0,0.0,0.0,2.0,1.0,-155.0
239,caught,0.06375028399634175,0.46398112054329377,0.11320000000000001,0.9901528013582342,0.4488888888888889,0.0,1.0,0.0,0.0,1.0,0.0,83.0,escaped,0.20180272599100135,0.940577736978647,0.9144,0.9798443424466174,0.8266666666666667,1.0,0.0,0.0,0.0,2.0,1.0,86.0,0.4765966164353532,0.8012,-0.010308458911616802,0.37777777777777777,1.0,-1.0,0.0,0.0,1.0,1.0,3.0
240,caught,0.03730332897976041,0.4108,0.018,1.0,0.08888888888888889,0.0,1.0,0.0,0.0,0.0,0.0,45.0,escaped,0.142375222989358,0.9325656772562037,0.8992,0.9826141931405089,0.8088888888888889,1.0,0.0,0.0,0.0,2.0,1.0,48.0,0.5217656772562036,0.8812,-0.017385806859491093,0.72,1.0,-1.0,0.0,0.0,2.0,1.0,3.0
241,timeout,0.11019681399920955,0.5547829021372329,0.28,0.9669572553430821,0.3377777777777778,0.0,0.0,1.0,0.0,0.0,0.0,200.0,escaped,0.11182283301604912,0.9303744377008212,0.898,0.9789360942520529,0.8488888888888889,1.0,0.0,0.0,0.0,2.0,1.0,45.0,0.37559153556358826,0.618,0.01197883890897078,0.5111111111111111,1.0,0.0,-1.0,0.0,2.0,1.0,-155.0
242,timeout,0.12407913198694587,0.5525994832041344,0.28,0.9614987080103359,0.52,0.0,0.0,1.0,0.0,0.0,0.0,200.0,caught,0.09728384099435061,0.44815427507315775,0.0948,0.9781856876828944,0.7022222222222222,0.0,1.0,0.0,0.0,1.0,0.0,37.0,-0.10444520813097669,-0.18520000000000003,0.0166869796725585,0.18222222222222217,0.0,1.0,-1.0,0.0,1.0,0.0,-163.0
243,caught,0.037915814988082275,0.400955420641804,0.012,0.98438855160451,0.20444444444444446,0.0,1.0,0.0,0.0,0.0,0.0,30.0,escaped,0.15833577798912302,0.9354373384821031,0.902,0.9855933462052577,0.9066666666666666,1.0,0.0,0.0,0.0,2.0,1.0,55.0,0.5344819178402991,0.89,0.0012047946007477384,0.7022222222222222,1.0,-1.0,0.0,0.0,2.0,1.0,25.0
244,timeout,0.11335701198549941,0.5530822330321984,0.28,0.9627055825804958,0.19555555555555557,0.0,0.0,1.0,0.0,0.0,0.0,200.0,escaped,0.10892261800472625,0.9327710020174849,0.8884,0.9993275050437121,0.4222222222222222,1.0,0.0,0.0,0.0,2.0,1.0,21.0,0.3796887689852865,0.6083999999999999,0.03662192246321638,0.22666666666666666,1.0,0.0,-1.0,0.0,2.0,1.0,-179.0
245,timeout,0.1449999569740612,0.5608045789043337,0.28,0.982011447260834,0.30666666666666664,0.0,0.0,1.0,0.0,0.0,0.0,200.0,escaped,0.09365433000493795,0.9304501134710503,0.8932,0.9863252836776258,0.64,1.0,0.0,0.0,0.0,2.0,1.0,33.0,0.36964553456671667,0.6132,0.004313836416791839,0.33333333333333337,1.0,0.0,-1.0,0.0,2.0,1.0,-167.0
246,caught,0.07215438398998231,0.47131796705222573,0.1212,0.9964949176305643,0.40444444444444444,0.0,1.0,0.0,0.0,1.0,0.0,103.0,caught,0.13908687100047246,0.5031515516062884,0.1824,0.9842788790157211,0.7955555555555556,0.0,1.0,0.0,0.0,2.0,0.0,56.0,0.03183358455406271,0.061200000000000004,-0.012216038614843217,0.39111111111111113,0.0,0.0,0.0,0.0,1.0,0.0,-47.0
247,caught,0.036454613000387326,0.4492959568733154,0.088,0.9912398921832885,0.4444444444444444,0.0,1.0,0.0,0.0,1.0,0.0,20.0,escaped,0.19640894600888714,0.936164912056284,0.9064,0.98081228014071,0.9555555555555556,1.0,0.0,0.0,0.0,2.0,1.0,66.0,0.48686895518296863,0.8184,-0.010427612042578471,0.5111111111111112,1.0,-1.0,0.0,0.0,1.0,1.0,46.0
248,caught,0.11327920699841343,0.5289765270318654,0.2268,0.9822413175796635,0.5644444444444444,0.0,1.0,0.0,0.0,2.0,0.0,167.0,caught,0.034148729988373816,0.39816131147540984,0.002400000000000006,0.9918032786885246,0.21333333333333335,0.0,1.0,0.0,0.0,0.0,0.0,6.0,-0.13081521555645553,-0.2244,0.009561961108861095,-0.35111111111111104,0.0,0.0,0.0,0.0,-2.0,0.0,-161.0
249,caught,0.06464187198434956,0.40951681133746676,0.03519999999999999,0.9709920283436669,0.3688888888888889,0.0,1.0,0.0,0.0,0.0,0.0,88.0,escaped,0.09765812300611287,0.9257047911257965,0.896,0.9702619778144914,0.7333333333333333,1.0,0.0,0.0,0.0,2.0,1.0,40.0,0.5161879797883298,0.8608,-0.0007300505291755188,0.3644444444444444,1.0,-1.0,0.0,0.0,2.0,1.0,-48.0
250,caught,0.03437771002063528,0.4529415905245347,0.0888,0.9991539763113367,0.28888888888888886,0.0,1.0,0.0,0.0,1.0,0.0,22.0,escaped,0.17033169898786582,0.933223554349231,0.9012,0.9812588858730774,0.8666666666666667,1.0,0.0,0.0,0.0,2.0,1.0,53.0,0.4802819638246963,0.8124,-0.01789509043825932,0.5777777777777778,1.0,-1.0,0.0,0.0,1.0,1.0,31.0
251,timeout,0.13095673100906424,0.6023064549391628,0.36,0.9657661373479068,0.5644444444444444,0.0,0.0,1.0,0.0,1.0,0.0,200.0,escaped,0.1418363370175939,0.9322532096700623,0.9027999999999999,0.9764330241751559,0.8177777777777778,1.0,0.0,0.0,0.0,2.0,1.0,57.0,0.3299467547308995,0.5428,0.010666886827249034,0.2533333333333334,1.0,0.0,-1.0,0.0,1.0,1.0,-143.0
252,caught,0.05821717399521731,0.40012262075561933,0.034,0.9493065518890483,0.23555555555555555,0.0,1.0,0.0,0.0,0.0,0.0,85.0,escaped,0.12327383598312736,0.9297608654886406,0.8976000000000001,0.9780021637216012,0.9377777777777778,1.0,0.0,0.0,0.0,2.0,1.0,44.0,0.5296382447330212,0.8636,0.02869561183255287,0.7022222222222223,1.0,-1.0,0.0,0.0,2.0,1.0,-41.0
253,caught,0.09629507301724516,0.4665462993498224,0.1316,0.968965748374556,0.72,0.0,1.0,0.0,0.0,1.0,0.0,129.0,escaped,0.15012295098858885,0.9334552990189491,0.9027999999999999,0.9794382475473726,0.8844444444444445,1.0,0.0,0.0,0.0,2.0,1.0,57.0,0.4669089996691267,0.7711999999999999,0.010472499172816674,0.1644444444444445,1.0,-1.0,0.0,0.0,1.0,1.0,-72.0
254,caught,0.06482003701967187,0.42952,0.04919999999999999,1.0,0.1111111111111111,0.0,1.0,0.0,0.0,0.0,0.0,123.0,escaped,0.03799593899748288,0.9308799999999999,0.8847999999999999,1.0,0.36444444444444446,1.0,0.0,0.0,0.0,2.0,1.0,12.0,0.5013599999999999,0.8355999999999999,0.0,0.25333333333333335,1.0,-1.0,0.0,0.0,2.0,1.0,-111.0
255,caught,0.0979075500217732,0.4910215893707696,0.15680000000000002,0.992353973426924,0.18666666666666668,0.0,1.0,0.0,0.0,1.0,0.0,192.0,escaped,0.08467135298997164,0.9293335528815706,0.8932,0.9835338822039266,0.7333333333333333,1.0,0.0,0.0,0.0,2.0,1.0,33.0,0.438311963510801,0.7363999999999999,-0.008820091222997428,0.5466666666666666,1.0,-1.0,0.0,0.0,1.0,1.0,-159.0
