case_ordinal,seed_outcome,seed_combined_score,seed_task,seed_model_accuracy,seed_final_coverage,seed_escaped,seed_caught,seed_timeout,seed_invalid,seed_keys,seed_door_open,seed_steps,generation_1_outcome,generation_1_combined_score,generation_1_task,generation_1_model_accuracy,generation_1_final_coverage,generation_1_escaped,generation_1_caught,generation_1_timeout,generation_1_invalid,generation_1_keys,generation_1_door_open,generation_1_steps,generation_2_outcome,generation_2_combined_score,generation_2_task,generation_2_model_accuracy,generation_2_final_coverage,generation_2_escaped,generation_2_caught,generation_2_timeout,generation_2_invalid,generation_2_keys,generation_2_door_open,generation_2_steps,generation_1_minus_seed_combined_score,generation_1_minus_seed_task,generation_1_minus_seed_model_accuracy,generation_1_minus_seed_final_coverage,generation_1_minus_seed_escaped,generation_1_minus_seed_caught,generation_1_minus_seed_timeout,generation_1_minus_seed_invalid,generation_1_minus_seed_keys,generation_1_minus_seed_door_open,generation_1_minus_seed_steps,generation_2_minus_seed_combined_score,generation_2_minus_seed_task,generation_2_minus_seed_model_accuracy,generation_2_minus_seed_final_coverage,generation_2_minus_seed_escaped,generation_2_minus_seed_caught,generation_2_minus_seed_timeout,generation_2_minus_seed_invalid,generation_2_minus_seed_keys,generation_2_minus_seed_door_open,generation_2_minus_seed_steps,generation_2_minus_generation_1_combined_score,generation_2_minus_generation_1_task,generation_2_minus_generation_1_model_accuracy,generation_2_minus_generation_1_final_coverage,generation_2_minus_generation_1_escaped,generation_2_minus_generation_1_caught,generation_2_minus_generation_1_timeout,generation_2_minus_generation_1_invalid,generation_2_minus_generation_1_keys,generation_2_minus_generation_1_door_open,generation_2_minus_generation_1_steps
0,timeout,0.5559156570603702,0.28,0.9697891426509254,0.6177777777777778,0.0,0.0,1.0,0.0,0.0,0.0,200.0,escaped,0.9320373421197146,0.9,0.9800933552992861,0.9511111111111111,1.0,0.0,0.0,0.0,2.0,1.0,50.0,escaped,0.9334419773429454,0.9016000000000001,0.9812049433573635,0.8755555555555555,1.0,0.0,0.0,0.0,2.0,1.0,54.0,0.3761216850593444,0.62,0.010304212648360678,0.33333333333333337,1.0,0.0,-1.0,0.0,2.0,1.0,-150.0,0.37752632028257527,0.6216,0.011415800706438106,0.2577777777777778,1.0,0.0,-1.0,0.0,2.0,1.0,-146.0,0.0014046352232308656,0.0016000000000000458,0.0011115880580774284,-0.0755555555555556,0.0,0.0,0.0,0.0,0.0,0.0,4.0
1,caught,0.45363793190416146,0.09359999999999999,0.9936948297604036,0.21333333333333335,0.0,1.0,0.0,0.0,1.0,0.0,34.0,escaped,0.9337521036176866,0.9044,0.9777802590442162,0.9733333333333334,1.0,0.0,0.0,0.0,2.0,1.0,61.0,escaped,0.9268285153965251,0.8972,0.9712712884913126,0.9644444444444444,1.0,0.0,0.0,0.0,2.0,1.0,43.0,0.4801141717135251,0.8108,-0.015914570716187404,0.76,1.0,-1.0,0.0,0.0,1.0,1.0,27.0,0.47319058349236365,0.8036,-0.022423541269090963,0.7511111111111111,1.0,-1.0,0.0,0.0,1.0,1.0,9.0,-0.0069235882211614586,-0.007199999999999984,-0.006508970552903559,-0.008888888888888946,0.0,0.0,0.0,0.0,0.0,0.0,-18.0
2,caught,0.39709217391304347,0.002400000000000006,0.9891304347826086,0.17333333333333334,0.0,1.0,0.0,0.0,0.0,0.0,6.0,escaped,0.9286484210526316,0.8967999999999999,0.976421052631579,0.8933333333333333,1.0,0.0,0.0,0.0,2.0,1.0,42.0,escaped,0.9323684664131813,0.9007999999999999,0.9797211660329531,0.9377777777777778,1.0,0.0,0.0,0.0,2.0,1.0,52.0,0.531556247139588,0.8944,-0.01270938215102968,0.72,1.0,-1.0,0.0,0.0,2.0,1.0,36.0,0.5352762925001378,0.8984,-0.00940926874965553,0.7644444444444445,1.0,-1.0,0.0,0.0,2.0,1.0,46.0,0.0037200453605497064,0.0040000000000000036,0.0033001134013741495,0.04444444444444451,0.0,0.0,0.0,0.0,0.0,0.0,10.0
3,caught,0.40192,0.0031999999999999884,1.0,0.20444444444444446,0.0,1.0,0.0,0.0,0.0,0.0,8.0,escaped,0.929102065589819,0.8944,0.9811551639745473,0.7288888888888889,1.0,0.0,0.0,0.0,2.0,1.0,36.0,escaped,0.9327505330490407,0.9,0.9818763326226013,0.8622222222222222,1.0,0.0,0.0,0.0,2.0,1.0,50.0,0.527182065589819,0.8912,-0.018844836025452727,0.5244444444444445,1.0,-1.0,0.0,0.0,2.0,1.0,28.0,0.5308305330490406,0.8968,-0.018123667377398678,0.6577777777777778,1.0,-1.0,0.0,0.0,2.0,1.0,42.0,0.0036484674592216493,0.005600000000000049,0.0007211686480540491,0.1333333333333333,0.0,0.0,0.0,0.0,0.0,0.0,14.0
4,caught,0.40269884297520664,0.005599999999999995,0.9983471074380166,0.25333333333333335,0.0,1.0,0.0,0.0,0.0,0.0,14.0,escaped,0.9366145927944294,0.91,0.9765364819860732,0.6311111111111111,1.0,0.0,0.0,0.0,2.0,1.0,75.0,escaped,0.9362143937162495,0.9076000000000001,0.9791359842906234,0.7866666666666666,1.0,0.0,0.0,0.0,2.0,1.0,69.0,0.5339157498192227,0.9044,-0.021810625451943344,0.3777777777777777,1.0,-1.0,0.0,0.0,2.0,1.0,61.0,0.5335155507410428,0.902,-0.01921112314739315,0.5333333333333332,1.0,-1.0,0.0,0.0,2.0,1.0,55.0,-0.00040019907817989697,-0.0023999999999999577,0.002599502304550194,0.15555555555555556,0.0,0.0,0.0,0.0,0.0,0.0,-6.0
5,timeout,0.5479143050439751,0.28,0.9497857626099376,0.3244444444444444,0.0,0.0,1.0,0.0,0.0,0.0,200.0,escaped,0.9353011840497611,0.9092,0.974452960124403,0.9155555555555556,1.0,0.0,0.0,0.0,2.0,1.0,73.0,escaped,0.9273242804428043,0.8987999999999999,0.970110701107011,0.7644444444444445,1.0,0.0,0.0,0.0,2.0,1.0,47.0,0.38738687900578606,0.6292,0.024667197514465333,0.5911111111111111,1.0,0.0,-1.0,0.0,2.0,1.0,-127.0,0.37940997539882926,0.6187999999999999,0.020324938497073397,0.44000000000000006,1.0,0.0,-1.0,0.0,2.0,1.0,-153.0,-0.007976903606956798,-0.010400000000000076,-0.004342259017391936,-0.15111111111111108,0.0,0.0,0.0,0.0,0.0,0.0,-26.0
6,caught,0.45598136411332635,0.0968,0.9947534102833159,0.3377777777777778,0.0,1.0,0.0,0.0,1.0,0.0,42.0,escaped,0.9342294570428924,0.9036000000000001,0.9801736426072308,0.9688888888888889,1.0,0.0,0.0,0.0,2.0,1.0,59.0,escaped,0.9338859877443828,0.9044,0.9781149693609571,0.9822222222222222,1.0,0.0,0.0,0.0,2.0,1.0,61.0,0.47824809292956605,0.8068000000000001,-0.014579767676085043,0.6311111111111112,1.0,-1.0,0.0,0.0,1.0,1.0,17.0,0.47790462363105646,0.8076,-0.016638440922358777,0.6444444444444444,1.0,-1.0,0.0,0.0,1.0,1.0,19.0,-0.00034346929850959107,0.0007999999999999119,-0.0020586732462737345,0.013333333333333308,0.0,0.0,0.0,0.0,0.0,0.0,2.0
7,timeout,0.5575145982102504,0.28,0.9737864955256259,0.24888888888888888,0.0,0.0,1.0,0.0,0.0,0.0,200.0,escaped,0.9457695437599858,0.9208,0.9832238593999645,0.8355555555555556,1.0,0.0,0.0,0.0,2.0,1.0,102.0,caught,0.4514954874651811,0.09720000000000001,0.9829387186629527,0.37333333333333335,0.0,1.0,0.0,0.0,1.0,0.0,43.0,0.3882549455497354,0.6407999999999999,0.009437363874338578,0.5866666666666667,1.0,0.0,-1.0,0.0,2.0,1.0,-98.0,-0.10601911074506931,-0.18280000000000002,0.009152223137326776,0.12444444444444447,0.0,1.0,-1.0,0.0,1.0,0.0,-157.0,-0.4942740562948047,-0.8235999999999999,-0.000285140737011802,-0.46222222222222226,-1.0,1.0,0.0,0.0,-1.0,-1.0,-59.0
8,caught,0.42865641025641027,0.06,0.9816410256410256,0.30666666666666664,0.0,1.0,0.0,0.0,0.0,0.0,150.0,escaped,0.9299599924684617,0.8972,0.9790999811711542,0.8888888888888888,1.0,0.0,0.0,0.0,2.0,1.0,43.0,escaped,0.9283788123695694,0.8972,0.9751470309239234,0.8977777777777778,1.0,0.0,0.0,0.0,2.0,1.0,43.0,0.5013035822120515,0.8371999999999999,-0.0025410444698714674,0.5822222222222222,1.0,-1.0,0.0,0.0,2.0,1.0,-107.0,0.49972240211315916,0.8371999999999999,-0.006493994717102214,0.5911111111111111,1.0,-1.0,0.0,0.0,2.0,1.0,-107.0,-0.0015811800988922986,0.0,-0.0039529502472307465,0.008888888888888946,0.0,0.0,0.0,0.0,0.0,0.0,0.0
9,timeout,0.5611050902337984,0.28,0.982762725584496,0.5644444444444444,0.0,0.0,1.0,0.0,0.0,0.0,200.0,escaped,0.93396619618735,0.9024,0.9813154904683752,0.8044444444444444,1.0,0.0,0.0,0.0,2.0,1.0,56.0,escaped,0.954693107180357,0.9376,0.9803327679508925,0.9111111111111111,1.0,0.0,0.0,0.0,2.0,1.0,144.0,0.3728611059535516,0.6224,-0.0014472351161207708,0.24,1.0,0.0,-1.0,0.0,2.0,1.0,-144.0,0.39358801694655865,0.6576,-0.00242995763360343,0.3466666666666667,1.0,0.0,-1.0,0.0,2.0,1.0,-56.0,0.020726910993007053,0.03520000000000001,-0.0009827225174826593,0.10666666666666669,0.0,0.0,0.0,0.0,0.0,0.0,88.0
10,caught,0.3998565298776098,0.010800000000000011,0.9834413246940245,0.25333333333333335,0.0,1.0,0.0,0.0,0.0,0.0,27.0,escaped,0.9343192868933641,0.9087999999999999,0.9725982172334103,0.9422222222222222,1.0,0.0,0.0,0.0,2.0,1.0,72.0,escaped,0.9341381797561668,0.9027999999999999,0.9811454493904168,0.8355555555555556,1.0,0.0,0.0,0.0,2.0,1.0,57.0,0.5344627570157543,0.8979999999999999,-0.010843107460614121,0.6888888888888889,1.0,-1.0,0.0,0.0,2.0,1.0,45.0,0.534281649878557,0.8919999999999999,-0.002295875303607642,0.5822222222222222,1.0,-1.0,0.0,0.0,2.0,1.0,30.0,-0.00018110713719732274,-0.006000000000000005,0.008547232157006479,-0.10666666666666658,0.0,0.0,0.0,0.0,0.0,0.0,-15.0
11,caught,0.401002203672788,0.012800000000000011,0.9833055091819699,0.2311111111111111,0.0,1.0,0.0,0.0,0.0,0.0,32.0,caught,0.4974001541894908,0.1764,0.9789003854737269,0.8711111111111111,0.0,1.0,0.0,0.0,2.0,0.0,41.0,escaped,0.9309355776349113,0.8984,0.9797389440872784,0.7288888888888889,1.0,0.0,0.0,0.0,2.0,1.0,46.0,0.0963979505167028,0.1636,-0.004405123708242975,0.6399999999999999,0.0,0.0,0.0,0.0,2.0,0.0,9.0,0.5299333739621233,0.8855999999999999,-0.003566565094691554,0.4977777777777778,1.0,-1.0,0.0,0.0,2.0,1.0,14.0,0.4335354234454205,0.722,0.0008385586135514211,-0.14222222222222214,1.0,-1.0,0.0,0.0,0.0,1.0,5.0
12,timeout,0.6098316129834598,0.36,0.9845790324586494,0.5111111111111111,0.0,0.0,1.0,0.0,1.0,0.0,200.0,escaped,0.9396163973335286,0.9124,0.9804409933338217,0.9777777777777777,1.0,0.0,0.0,0.0,2.0,1.0,81.0,escaped,0.9391233161311803,0.9128,0.9786082903279507,0.9733333333333334,1.0,0.0,0.0,0.0,2.0,1.0,82.0,0.32978478435006886,0.5524,-0.004138039124827686,0.4666666666666667,1.0,0.0,-1.0,0.0,1.0,1.0,-119.0,0.3292917031477205,0.5528,-0.005970742130698703,0.4622222222222223,1.0,0.0,-1.0,0.0,1.0,1.0,-118.0,-0.0004930812023483666,0.00039999999999995595,-0.001832703005871017,-0.004444444444444362,0.0,0.0,0.0,0.0,0.0,0.0,1.0
13,timeout,0.5680000000000001,0.28,1.0,0.1511111111111111,0.0,0.0,1.0,0.0,0.0,0.0,200.0,escaped,0.9322764441632394,0.8924,0.9920911104080987,0.6266666666666667,1.0,0.0,0.0,0.0,2.0,1.0,31.0,escaped,0.9329149350167099,0.8924,0.993687337541775,0.5733333333333334,1.0,0.0,0.0,0.0,2.0,1.0,31.0,0.36427644416323934,0.6123999999999999,-0.00790888959190128,0.4755555555555556,1.0,0.0,-1.0,0.0,2.0,1.0,-169.0,0.3649149350167098,0.6123999999999999,-0.006312662458225038,0.4222222222222223,1.0,0.0,-1.0,0.0,2.0,1.0,-169.0,0.0006384908534704525,0.0,0.0015962271336762424,-0.053333333333333344,0.0,0.0,0.0,0.0,0.0,0.0,0.0
14,timeout,0.5562289994649545,0.28,0.9705724986623863,0.3333333333333333,0.0,0.0,1.0,0.0,0.0,0.0,200.0,escaped,0.9320287704674011,0.9016000000000001,0.9776719261685025,0.7644444444444445,1.0,0.0,0.0,0.0,2.0,1.0,54.0,escaped,0.9356566088438785,0.9072,0.9783415221096962,0.8711111111111111,1.0,0.0,0.0,0.0,2.0,1.0,68.0,0.37579977100244655,0.6216,0.0070994275061162515,0.43111111111111117,1.0,0.0,-1.0,0.0,2.0,1.0,-146.0,0.37942760937892395,0.6272,0.007769023447309897,0.5377777777777777,1.0,0.0,-1.0,0.0,2.0,1.0,-132.0,0.003627838376477399,0.005599999999999938,0.0006695959411936458,0.10666666666666658,0.0,0.0,0.0,0.0,0.0,0.0,14.0
15,timeout,0.6054036961415633,0.36,0.9735092403539082,0.6888888888888889,0.0,0.0,1.0,0.0,1.0,0.0,200.0,escaped,0.9395789180662523,0.91,0.9839472951656305,0.92,1.0,0.0,0.0,0.0,2.0,1.0,75.0,escaped,0.9410516738791761,0.9096000000000001,0.9882291846979401,0.9466666666666667,1.0,0.0,0.0,0.0,2.0,1.0,74.0,0.33417522192468896,0.55,0.01043805481172233,0.23111111111111116,1.0,0.0,-1.0,0.0,1.0,1.0,-125.0,0.3356479777376128,0.5496000000000001,0.014719944344031899,0.2577777777777778,1.0,0.0,-1.0,0.0,1.0,1.0,-126.0,0.0014727558129238316,-0.00039999999999995595,0.0042818895323095685,0.026666666666666616,0.0,0.0,0.0,0.0,0.0,0.0,-1.0
16,timeout,0.5677331109257715,0.28,0.9993327773144287,0.13333333333333333,0.0,0.0,1.0,0.0,0.0,0.0,200.0,escaped,0.9312866366095582,0.8972,0.9824165915238954,0.6177777777777778,1.0,0.0,0.0,0.0,2.0,1.0,43.0,escaped,0.9306057370121801,0.8976000000000001,0.9801143425304499,0.5644444444444444,1.0,0.0,0.0,0.0,2.0,1.0,44.0,0.36355352568378674,0.6172,-0.016916185790533333,0.48444444444444446,1.0,0.0,-1.0,0.0,2.0,1.0,-157.0,0.3628726260864086,0.6176,-0.019218434783978777,0.4311111111111111,1.0,0.0,-1.0,0.0,2.0,1.0,-156.0,-0.0006808995973781595,0.00040000000000006697,-0.0023022489934454438,-0.053333333333333344,0.0,0.0,0.0,0.0,0.0,0.0,1.0
17,caught,0.455019881376038,0.1072,0.9767497034400949,0.4577777777777778,0.0,1.0,0.0,0.0,1.0,0.0,68.0,escaped,0.93618840972499,0.9067999999999999,0.980271024312475,0.9511111111111111,1.0,0.0,0.0,0.0,2.0,1.0,67.0,escaped,0.9427931625866705,0.9164,0.9823829064666761,0.9822222222222222,1.0,0.0,0.0,0.0,2.0,1.0,91.0,0.48116852834895196,0.7996,0.003521320872380107,0.49333333333333335,1.0,-1.0,0.0,0.0,1.0,1.0,-1.0,0.48777328121063246,0.8092,0.005633203026581213,0.5244444444444445,1.0,-1.0,0.0,0.0,1.0,1.0,23.0,0.006604752861680496,0.009600000000000053,0.0021118821542011057,0.03111111111111109,0.0,0.0,0.0,0.0,0.0,0.0,24.0
18,caught,0.4141479521109011,0.024,0.9993698802772527,0.19111111111111112,0.0,1.0,0.0,0.0,0.0,0.0,60.0,escaped,0.9394117510853836,0.9112,0.9817293777134588,0.9822222222222222,1.0,0.0,0.0,0.0,2.0,1.0,78.0,escaped,0.9458268456562565,0.9188,0.9863671141406413,0.9288888888888889,1.0,0.0,0.0,0.0,2.0,1.0,97.0,0.5252637989744824,0.8872,-0.017640502563793903,0.7911111111111111,1.0,-1.0,0.0,0.0,2.0,1.0,18.0,0.5316788935453554,0.8947999999999999,-0.013002766136611443,0.7377777777777778,1.0,-1.0,0.0,0.0,2.0,1.0,37.0,0.00641509457087297,0.00759999999999994,0.0046377364271824595,-0.053333333333333344,0.0,0.0,0.0,0.0,0.0,0.0,19.0
19,caught,0.40240000000000004,0.004,1.0,0.18222222222222223,0.0,1.0,0.0,0.0,0.0,0.0,10.0,escaped,0.9430017224880383,0.9184,0.9799043062200957,0.9866666666666667,1.0,0.0,0.0,0.0,2.0,1.0,96.0,escaped,0.935892943201377,0.908,0.9777323580034424,0.8222222222222222,1.0,0.0,0.0,0.0,2.0,1.0,70.0,0.5406017224880382,0.9144,-0.020095693779904278,0.8044444444444445,1.0,-1.0,0.0,0.0,2.0,1.0,86.0,0.5334929432013769,0.904,-0.02226764199655762,0.6399999999999999,1.0,-1.0,0.0,0.0,2.0,1.0,60.0,-0.007108779286661315,-0.010399999999999965,-0.002171948216653341,-0.1644444444444445,0.0,0.0,0.0,0.0,0.0,0.0,-26.0
20,timeout,0.6048908502500736,0.36,0.9722271256251839,0.4,0.0,0.0,1.0,0.0,1.0,0.0,200.0,escaped,0.9307252274854896,0.8964,0.982213068713724,0.8888888888888888,1.0,0.0,0.0,0.0,2.0,1.0,41.0,escaped,0.9318894958154726,0.8956000000000001,0.9863237395386814,0.8444444444444444,1.0,0.0,0.0,0.0,2.0,1.0,39.0,0.325834377235416,0.5364,0.009985943088540172,0.4888888888888888,1.0,0.0,-1.0,0.0,1.0,1.0,-159.0,0.32699864556539904,0.5356000000000001,0.01409661391349748,0.4444444444444444,1.0,0.0,-1.0,0.0,1.0,1.0,-161.0,0.0011642683299830647,-0.0007999999999999119,0.004110670824957308,-0.0444444444444444,0.0,0.0,0.0,0.0,0.0,0.0,-2.0
21,timeout,0.6079766680554729,0.36,0.9799416701386823,0.6444444444444445,0.0,0.0,1.0,0.0,1.0,0.0,200.0,escaped,0.932660412044374,0.9052,0.973851030110935,0.9022222222222223,1.0,0.0,0.0,0.0,2.0,1.0,63.0,escaped,0.926393096050707,0.9004,0.9653827401267674,0.88,1.0,0.0,0.0,0.0,2.0,1.0,51.0,0.3246837439889011,0.5452,-0.006090640027747285,0.2577777777777778,1.0,0.0,-1.0,0.0,1.0,1.0,-137.0,0.31841642799523406,0.5404,-0.014558930011914883,0.23555555555555552,1.0,0.0,-1.0,0.0,1.0,1.0,-149.0,-0.006267315993667033,-0.0048000000000000265,-0.008468289984167598,-0.022222222222222254,0.0,0.0,0.0,0.0,0.0,0.0,-12.0
22,timeout,0.5680000000000001,0.28,1.0,0.08888888888888889,0.0,0.0,1.0,0.0,0.0,0.0,200.0,escaped,0.934006931765434,0.906,0.976017329413585,0.7555555555555555,1.0,0.0,0.0,0.0,2.0,1.0,65.0,escaped,0.930412272291467,0.9,0.9760306807286673,0.7288888888888889,1.0,0.0,0.0,0.0,2.0,1.0,50.0,0.366006931765434,0.626,-0.02398267058641501,0.6666666666666666,1.0,0.0,-1.0,0.0,2.0,1.0,-135.0,0.3624122722914669,0.62,-0.023969319271332723,0.64,1.0,0.0,-1.0,0.0,2.0,1.0,-150.0,-0.003594659473967088,-0.006000000000000005,1.3351315082288373e-05,-0.026666666666666616,0.0,0.0,0.0,0.0,0.0,0.0,-15.0
23,caught,0.40776651699807576,0.02,0.9894162924951893,0.5377777777777778,0.0,1.0,0.0,0.0,0.0,0.0,50.0,escaped,0.930385535465925,0.898,0.9789638386648123,0.9155555555555556,1.0,0.0,0.0,0.0,2.0,1.0,45.0,escaped,0.9298565612484464,0.9016000000000001,0.9722414031211158,0.7822222222222223,1.0,0.0,0.0,0.0,2.0,1.0,54.0,0.5226190184678492,0.878,-0.010452453830376962,0.37777777777777777,1.0,-1.0,0.0,0.0,2.0,1.0,-5.0,0.5220900442503706,0.8816,-0.01717488937407341,0.24444444444444446,1.0,-1.0,0.0,0.0,2.0,1.0,4.0,-0.0005289742174785506,0.0036000000000000476,-0.006722435543696448,-0.1333333333333333,0.0,0.0,0.0,0.0,0.0,0.0,9.0
24,caught,0.4548862649264094,0.1024,0.9836156623160234,0.39555555555555555,0.0,1.0,0.0,0.0,1.0,0.0,56.0,escaped,0.9290761571373006,0.898,0.9756903928432517,0.6666666666666666,1.0,0.0,0.0,0.0,2.0,1.0,45.0,escaped,0.937256805731142,0.908,0.9811420143278551,0.9066666666666666,1.0,0.0,0.0,0.0,2.0,1.0,70.0,0.47418989221089125,0.7956,-0.007925269472771723,0.2711111111111111,1.0,-1.0,0.0,0.0,1.0,1.0,-11.0,0.48237054080473263,0.8056,-0.0024736479881682927,0.5111111111111111,1.0,-1.0,0.0,0.0,1.0,1.0,14.0,0.008180648593841378,0.010000000000000009,0.0054516214846034305,0.24,0.0,0.0,0.0,0.0,0.0,0.0,25.0
25,timeout,0.562198694706309,0.28,0.9854967367657723,0.15555555555555556,0.0,0.0,1.0,0.0,0.0,0.0,200.0,caught,0.45981529968707374,0.11359999999999999,0.9791382492176843,0.9066666666666666,0.0,1.0,0.0,0.0,1.0,0.0,84.0,escaped,0.953558421161397,0.938,0.9768960529034925,1.0,1.0,0.0,0.0,0.0,2.0,1.0,145.0,-0.10238339501923527,-0.16640000000000005,-0.006358487548087988,0.7511111111111111,0.0,1.0,-1.0,0.0,1.0,0.0,-116.0,0.391359726455088,0.6579999999999999,-0.008600683862279856,0.8444444444444444,1.0,0.0,-1.0,0.0,2.0,1.0,-55.0,0.49374312147432325,0.8243999999999999,-0.002242196314191869,0.09333333333333338,1.0,-1.0,0.0,0.0,1.0,1.0,61.0
26,caught,0.47392936067551267,0.1356,0.9814234016887816,0.44,0.0,1.0,0.0,0.0,1.0,0.0,139.0,escaped,0.9369065482183397,0.9084,0.9796663705458494,0.8933333333333333,1.0,0.0,0.0,0.0,2.0,1.0,71.0,escaped,0.9349466721244372,0.8984,0.9897666803110929,0.8133333333333334,1.0,0.0,0.0,0.0,2.0,1.0,46.0,0.4629771875428271,0.7727999999999999,-0.0017570311429322416,0.4533333333333333,1.0,-1.0,0.0,0.0,1.0,1.0,-68.0,0.4610173114489245,0.7627999999999999,0.008343278622311323,0.37333333333333335,1.0,-1.0,0.0,0.0,1.0,1.0,-93.0,-0.0019598760939025794,-0.010000000000000009,0.010100309765243565,-0.07999999999999996,0.0,0.0,0.0,0.0,0.0,0.0,-25.0
27,caught,0.40288,0.004800000000000012,1.0,0.32,0.0,1.0,0.0,0.0,0.0,0.0,12.0,escaped,0.9329939105246218,0.8924,0.9938847763115546,0.8044444444444444,1.0,0.0,0.0,0.0,2.0,1.0,31.0,escaped,0.9401001480371031,0.9076000000000001,0.9888503700927574,0.92,1.0,0.0,0.0,0.0,2.0,1.0,69.0,0.5301139105246218,0.8876,-0.006115223688445415,0.4844444444444444,1.0,-1.0,0.0,0.0,2.0,1.0,19.0,0.537220148037103,0.9028,-0.011149629907242553,0.6000000000000001,1.0,-1.0,0.0,0.0,2.0,1.0,57.0,0.007106237512481295,0.015200000000000102,-0.005034406218797138,0.11555555555555563,0.0,0.0,0.0,0.0,0.0,0.0,38.0
28,caught,0.472845367965368,0.1348,0.97991341991342,0.6266666666666667,0.0,1.0,0.0,0.0,1.0,0.0,137.0,escaped,0.9379953882895495,0.91,0.9799884707238739,0.9955555555555555,1.0,0.0,0.0,0.0,2.0,1.0,75.0,escaped,0.9303725224602627,0.8972,0.9801313061506566,0.9066666666666666,1.0,0.0,0.0,0.0,2.0,1.0,43.0,0.4651500203241815,0.7752,7.505081045389161e-05,0.3688888888888888,1.0,-1.0,0.0,0.0,1.0,1.0,-62.0,0.4575271544948947,0.7624,0.0002178862372366197,0.2799999999999999,1.0,-1.0,0.0,0.0,1.0,1.0,-94.0,-0.00762286582928684,-0.012800000000000034,0.0001428354267827281,-0.0888888888888889,0.0,0.0,0.0,0.0,0.0,0.0,-32.0
29,timeout,0.5623441960678697,0.28,0.9858604901696741,0.17333333333333334,0.0,0.0,1.0,0.0,0.0,0.0,200.0,escaped,0.939132838623156,0.9128,0.9786320965578901,0.9377777777777778,1.0,0.0,0.0,0.0,2.0,1.0,82.0,escaped,0.9436009491615298,0.9216,0.9766023729038245,0.9466666666666667,1.0,0.0,0.0,0.0,2.0,1.0,104.0,0.3767886425552863,0.6327999999999999,-0.0072283936117840675,0.7644444444444445,1.0,0.0,-1.0,0.0,2.0,1.0,-118.0,0.38125675309366014,0.6416,-0.009258117265849686,0.7733333333333333,1.0,0.0,-1.0,0.0,2.0,1.0,-96.0,0.004468110538373815,0.00880000000000003,-0.0020297236540656183,0.008888888888888835,0.0,0.0,0.0,0.0,0.0,0.0,22.0
30,caught,0.42585417721518987,0.04519999999999999,0.9968354430379747,0.1511111111111111,0.0,1.0,0.0,0.0,0.0,0.0,113.0,escaped,0.9334963934426229,0.8907999999999999,0.9975409836065574,0.5422222222222223,1.0,0.0,0.0,0.0,2.0,1.0,27.0,escaped,0.9360830586236193,0.9047999999999999,0.9830076465590484,0.9244444444444444,1.0,0.0,0.0,0.0,2.0,1.0,62.0,0.507642216227433,0.8455999999999999,0.0007055405685827409,0.3911111111111112,1.0,-1.0,0.0,0.0,2.0,1.0,-86.0,0.5102288814084295,0.8595999999999999,-0.01382779647892629,0.7733333333333333,1.0,-1.0,0.0,0.0,2.0,1.0,-51.0,0.0025866651809963725,0.014000000000000012,-0.014533337047509032,0.38222222222222213,0.0,0.0,0.0,0.0,0.0,0.0,35.0
31,caught,0.4660981056979255,0.1484,0.9426452642448137,0.28444444444444444,0.0,1.0,0.0,0.0,1.0,0.0,171.0,escaped,0.9332722397155917,0.9036000000000001,0.9777805992889792,0.9244444444444444,1.0,0.0,0.0,0.0,2.0,1.0,59.0,escaped,0.9553094257393299,0.9348,0.9860735643483247,0.9866666666666667,1.0,0.0,0.0,0.0,2.0,1.0,137.0,0.4671741340176662,0.7552000000000001,0.03513533504416555,0.6399999999999999,1.0,-1.0,0.0,0.0,1.0,1.0,-112.0,0.4892113200414044,0.7864,0.043428300103511064,0.7022222222222223,1.0,-1.0,0.0,0.0,1.0,1.0,-34.0,0.022037186023738164,0.031199999999999894,0.008292965059345514,0.06222222222222229,0.0,0.0,0.0,0.0,0.0,0.0,78.0
32,caught,0.44220284460769316,0.07680000000000001,0.9903071115192328,0.26222222222222225,0.0,1.0,0.0,0.0,0.0,0.0,192.0,escaped,0.9477607502588149,0.9228,0.9852018756470373,0.9866666666666667,1.0,0.0,0.0,0.0,2.0,1.0,107.0,escaped,0.9305931691818904,0.892,0.988482922954726,0.56,1.0,0.0,0.0,0.0,2.0,1.0,30.0,0.5055579056511217,0.846,-0.005105235872195468,0.7244444444444444,1.0,-1.0,0.0,0.0,2.0,1.0,-85.0,0.48839032457419723,0.8152,-0.0018241885645068345,0.2977777777777778,1.0,-1.0,0.0,0.0,2.0,1.0,-162.0,-0.01716758107692451,-0.03079999999999994,0.0032810473076886337,-0.42666666666666664,0.0,0.0,0.0,0.0,0.0,0.0,-77.0
33,caught,0.46345480925578486,0.1196,0.9792370231394621,0.4577777777777778,0.0,1.0,0.0,0.0,1.0,0.0,99.0,escaped,0.9324633689400165,0.8996000000000001,0.9817584223500411,0.8844444444444445,1.0,0.0,0.0,0.0,2.0,1.0,49.0,escaped,0.9321796949891068,0.9012,0.9786492374727669,0.9111111111111111,1.0,0.0,0.0,0.0,2.0,1.0,53.0,0.4690085596842316,0.78,0.002521399210578923,0.4266666666666667,1.0,-1.0,0.0,0.0,1.0,1.0,-50.0,0.46872488573332194,0.7816,-0.0005877856666952619,0.4533333333333333,1.0,-1.0,0.0,0.0,1.0,1.0,-46.0,-0.0002836739509096686,0.0015999999999999348,-0.003109184877274185,0.026666666666666616,0.0,0.0,0.0,0.0,0.0,0.0,4.0
34,caught,0.4999555555555556,0.174,0.9888888888888889,0.37777777777777777,0.0,1.0,0.0,0.0,2.0,0.0,35.0,escaped,0.9323601179941003,0.8912,0.9941002949852508,0.4888888888888889,1.0,0.0,0.0,0.0,2.0,1.0,28.0,escaped,0.9308900107874865,0.8992,0.9784250269687162,0.8133333333333334,1.0,0.0,0.0,0.0,2.0,1.0,48.0,0.43240456243854475,0.7172000000000001,0.005211406096361837,0.1111111111111111,1.0,-1.0,0.0,0.0,0.0,1.0,-7.0,0.43093445523193086,0.7252000000000001,-0.010463861920172679,0.4355555555555556,1.0,-1.0,0.0,0.0,0.0,1.0,13.0,-0.001470107206613891,0.008000000000000007,-0.015675268016534516,0.3244444444444445,0.0,0.0,0.0,0.0,0.0,0.0,20.0
35,caught,0.5030207203667322,0.18719999999999998,0.9767518009168303,0.43555555555555553,0.0,1.0,0.0,0.0,2.0,0.0,68.0,escaped,0.9285454970760234,0.8927999999999999,0.9821637426900585,0.8177777777777778,1.0,0.0,0.0,0.0,2.0,1.0,32.0,escaped,0.9288263510848127,0.8987999999999999,0.9738658777120316,0.9066666666666666,1.0,0.0,0.0,0.0,2.0,1.0,47.0,0.42552477670929123,0.7056,0.005411941773228124,0.3822222222222223,1.0,-1.0,0.0,0.0,0.0,1.0,-36.0,0.42580563071808053,0.7116,-0.002885923204798746,0.4711111111111111,1.0,-1.0,0.0,0.0,0.0,1.0,-21.0,0.00028085400878929967,0.006000000000000005,-0.00829786497802687,0.0888888888888888,0.0,0.0,0.0,0.0,0.0,0.0,15.0
36,caught,0.49794308953755334,0.1792,0.9760577238438832,0.4311111111111111,0.0,1.0,0.0,0.0,2.0,0.0,48.0,escaped,0.9305468025949954,0.9,0.9763670064874884,0.8755555555555555,1.0,0.0,0.0,0.0,2.0,1.0,50.0,escaped,0.928295878857581,0.898,0.9737396971439525,0.8888888888888888,1.0,0.0,0.0,0.0,2.0,1.0,45.0,0.4326037130574421,0.7208,0.000309282643605191,0.4444444444444444,1.0,-1.0,0.0,0.0,0.0,1.0,2.0,0.4303527893200277,0.7188,-0.002318026699930753,0.45777777777777773,1.0,-1.0,0.0,0.0,0.0,1.0,-3.0,-0.002250923737414423,-0.0020000000000000018,-0.002627309343535944,0.013333333333333308,0.0,0.0,0.0,0.0,0.0,0.0,-5.0
37,caught,0.4048142292490119,0.01,0.9970355731225297,0.2,0.0,1.0,0.0,0.0,0.0,0.0,25.0,escaped,0.9288401178550383,0.8924,0.9835002946375958,0.7955555555555556,1.0,0.0,0.0,0.0,2.0,1.0,31.0,escaped,0.939623726100489,0.9104,0.9834593152512228,0.9511111111111111,1.0,0.0,0.0,0.0,2.0,1.0,76.0,0.5240258886060264,0.8824,-0.013535278484933855,0.5955555555555556,1.0,-1.0,0.0,0.0,2.0,1.0,6.0,0.5348094968514772,0.9004,-0.013576257871306896,0.7511111111111111,1.0,-1.0,0.0,0.0,2.0,1.0,51.0,0.010783608245450771,0.018000000000000016,-4.0979386373041216e-05,0.15555555555555556,0.0,0.0,0.0,0.0,0.0,0.0,45.0
38,timeout,0.5680000000000001,0.28,1.0,0.1111111111111111,0.0,0.0,1.0,0.0,0.0,0.0,200.0,escaped,0.9357972271681505,0.9084,0.9768930679203761,0.9511111111111111,1.0,0.0,0.0,0.0,2.0,1.0,71.0,escaped,0.9278967293777134,0.8984,0.9721418234442837,0.9022222222222223,1.0,0.0,0.0,0.0,2.0,1.0,46.0,0.36779722716815044,0.6284,-0.023106932079623888,0.8400000000000001,1.0,0.0,-1.0,0.0,2.0,1.0,-129.0,0.35989672937771333,0.6184,-0.02785817655571632,0.7911111111111111,1.0,0.0,-1.0,0.0,2.0,1.0,-154.0,-0.007900497790437111,-0.010000000000000009,-0.004751244476092431,-0.04888888888888887,0.0,0.0,0.0,0.0,0.0,0.0,-25.0
39,timeout,0.6041760499546782,0.36,0.9704401248866955,0.6311111111111111,0.0,0.0,1.0,0.0,1.0,0.0,200.0,escaped,0.9289644383107921,0.8932,0.9826110957769804,0.6666666666666666,1.0,0.0,0.0,0.0,2.0,1.0,33.0,escaped,0.9577896024011561,0.94,0.9844740060028903,0.9911111111111112,1.0,0.0,0.0,0.0,2.0,1.0,150.0,0.3247883883561139,0.5332,0.012170970890284849,0.03555555555555556,1.0,0.0,-1.0,0.0,1.0,1.0,-167.0,0.35361355244647785,0.58,0.014033881116194746,0.3600000000000001,1.0,0.0,-1.0,0.0,1.0,1.0,-50.0,0.028825164090363953,0.04679999999999995,0.0018629102259098973,0.32444444444444454,0.0,0.0,0.0,0.0,0.0,0.0,117.0
40,caught,0.5184037795275591,0.2144,0.9744094488188977,0.5111111111111111,0.0,1.0,0.0,0.0,2.0,0.0,136.0,escaped,0.9378652457129704,0.9067999999999999,0.984463114282426,0.8622222222222222,1.0,0.0,0.0,0.0,2.0,1.0,67.0,escaped,0.9332302208910521,0.8992,0.9842755522276301,0.7777777777777778,1.0,0.0,0.0,0.0,2.0,1.0,48.0,0.41946146618541125,0.6923999999999999,0.010053665463528372,0.35111111111111115,1.0,-1.0,0.0,0.0,0.0,1.0,-69.0,0.414826441363493,0.6848,0.009866103408732396,0.2666666666666667,1.0,-1.0,0.0,0.0,0.0,1.0,-88.0,-0.004635024821918243,-0.00759999999999994,-0.00018756205479597554,-0.08444444444444443,0.0,0.0,0.0,0.0,0.0,0.0,-19.0
41,caught,0.5309898567204913,0.232,0.9794746418012281,0.6711111111111111,0.0,1.0,0.0,0.0,2.0,0.0,180.0,escaped,0.9346865975943789,0.9047999999999999,0.9795164939859473,0.92,1.0,0.0,0.0,0.0,2.0,1.0,62.0,escaped,0.9374314466683558,0.9056000000000001,0.9851786166708892,0.8222222222222222,1.0,0.0,0.0,0.0,2.0,1.0,64.0,0.4036967408738876,0.6728,4.1852184719193275e-05,0.24888888888888894,1.0,-1.0,0.0,0.0,0.0,1.0,-118.0,0.4064415899478645,0.6736000000000001,0.0057039748696611214,0.15111111111111108,1.0,-1.0,0.0,0.0,0.0,1.0,-116.0,0.002744849073976874,0.0008000000000001339,0.005662122684941928,-0.09777777777777785,0.0,0.0,0.0,0.0,0.0,0.0,2.0
42,timeout,0.6096748619083722,0.36,0.9841871547709303,0.39555555555555555,0.0,0.0,1.0,0.0,1.0,0.0,200.0,escaped,0.9270321064996085,0.9,0.9675802662490212,0.8,1.0,0.0,0.0,0.0,2.0,1.0,50.0,escaped,0.9325686166411433,0.9047999999999999,0.9742215416028586,0.8444444444444444,1.0,0.0,0.0,0.0,2.0,1.0,62.0,0.3173572445912364,0.54,-0.01660688852190917,0.4044444444444445,1.0,0.0,-1.0,0.0,1.0,1.0,-150.0,0.32289375473277115,0.5448,-0.009965613168071763,0.4488888888888889,1.0,0.0,-1.0,0.0,1.0,1.0,-138.0,0.005536510141534778,0.0047999999999999154,0.006641275353837406,0.0444444444444444,0.0,0.0,0.0,0.0,0.0,0.0,12.0
43,timeout,0.5680000000000001,0.28,1.0,0.08888888888888889,0.0,0.0,1.0,0.0,0.0,0.0,200.0,escaped,0.9367137925889082,0.9116000000000001,0.9743844814722705,0.9866666666666667,1.0,0.0,0.0,0.0,2.0,1.0,79.0,escaped,0.9357046336047372,0.9016000000000001,0.9868615840118431,0.7955555555555556,1.0,0.0,0.0,0.0,2.0,1.0,54.0,0.36871379258890813,0.6316,-0.025615518527729475,0.8977777777777778,1.0,0.0,-1.0,0.0,2.0,1.0,-121.0,0.36770463360473715,0.6216,-0.013138415988156904,0.7066666666666667,1.0,0.0,-1.0,0.0,2.0,1.0,-146.0,-0.001009158984170977,-0.010000000000000009,0.012477102539572571,-0.19111111111111112,0.0,0.0,0.0,0.0,0.0,0.0,-25.0
44,timeout,0.5584721539374418,0.28,0.9761803848436043,0.29777777777777775,0.0,0.0,1.0,0.0,0.0,0.0,200.0,escaped,0.9401866492146598,0.914,0.9794666230366492,0.9777777777777777,1.0,0.0,0.0,0.0,2.0,1.0,85.0,escaped,0.9439135676306576,0.9172,0.9839839190766437,0.9777777777777777,1.0,0.0,0.0,0.0,2.0,1.0,93.0,0.381714495277218,0.634,0.0032862381930449658,0.6799999999999999,1.0,0.0,-1.0,0.0,2.0,1.0,-115.0,0.38544141369321583,0.6372,0.0078035342330394775,0.6799999999999999,1.0,0.0,-1.0,0.0,2.0,1.0,-107.0,0.0037269184159978153,0.0031999999999999806,0.004517296039994512,0.0,0.0,0.0,0.0,0.0,0.0,0.0,8.0
45,caught,0.4153040478347527,0.03359999999999999,0.9878601195868817,0.3377777777777778,0.0,1.0,0.0,0.0,0.0,0.0,84.0,escaped,0.9391506017944415,0.914,0.976876504486104,0.9777777777777777,1.0,0.0,0.0,0.0,2.0,1.0,85.0,escaped,0.9415275154585412,0.9168,0.9786187886463533,0.9066666666666666,1.0,0.0,0.0,0.0,2.0,1.0,92.0,0.5238465539596888,0.8804000000000001,-0.010983615100777722,0.6399999999999999,1.0,-1.0,0.0,0.0,2.0,1.0,1.0,0.5262234676237885,0.8832,-0.00924133094052837,0.5688888888888888,1.0,-1.0,0.0,0.0,2.0,1.0,8.0,0.0023769136640996447,0.0027999999999999137,0.0017422841602493522,-0.07111111111111112,0.0,0.0,0.0,0.0,0.0,0.0,7.0
46,timeout,0.555441058079356,0.28,0.9686026451983899,0.2,0.0,0.0,1.0,0.0,0.0,0.0,200.0,escaped,0.9408819268040267,0.91,0.9872048170100668,0.8444444444444444,1.0,0.0,0.0,0.0,2.0,1.0,75.0,escaped,0.9466180066320466,0.922,0.9835450165801164,0.9822222222222222,1.0,0.0,0.0,0.0,2.0,1.0,105.0,0.38544086872467076,0.63,0.018602171811676893,0.6444444444444444,1.0,0.0,-1.0,0.0,2.0,1.0,-125.0,0.3911769485526907,0.642,0.014942371381726494,0.7822222222222222,1.0,0.0,-1.0,0.0,2.0,1.0,-95.0,0.0057360798280199354,0.01200000000000001,-0.0036598004299503994,0.13777777777777778,0.0,0.0,0.0,0.0,0.0,0.0,30.0
47,caught,0.41693958510940615,0.036,0.9883489627735152,0.56,0.0,1.0,0.0,0.0,0.0,0.0,90.0,escaped,0.941479214773884,0.9188,0.9754980369347099,0.9777777777777777,1.0,0.0,0.0,0.0,2.0,1.0,97.0,escaped,0.9360430223563814,0.9067999999999999,0.9799075558909537,0.9955555555555555,1.0,0.0,0.0,0.0,2.0,1.0,67.0,0.5245396296644778,0.8827999999999999,-0.012850925838805316,0.4177777777777777,1.0,-1.0,0.0,0.0,2.0,1.0,7.0,0.5191034372469752,0.8707999999999999,-0.008441406882561564,0.4355555555555555,1.0,-1.0,0.0,0.0,2.0,1.0,-23.0,-0.005436192417502594,-0.01200000000000001,0.004409518956243752,0.01777777777777778,0.0,0.0,0.0,0.0,0.0,0.0,-30.0
48,timeout,0.5473470661001453,0.28,0.9483676652503631,0.4533333333333333,0.0,0.0,1.0,0.0,0.0,0.0,200.0,escaped,0.9315724137931034,0.894,0.9879310344827587,0.8888888888888888,1.0,0.0,0.0,0.0,2.0,1.0,35.0,escaped,0.9394875922573458,0.914,0.9777189806433645,0.9911111111111112,1.0,0.0,0.0,0.0,2.0,1.0,85.0,0.38422534769295813,0.614,0.03956336923239556,0.43555555555555553,1.0,0.0,-1.0,0.0,2.0,1.0,-165.0,0.3921405261572005,0.634,0.029351315393001398,0.5377777777777779,1.0,0.0,-1.0,0.0,2.0,1.0,-115.0,0.00791517846424239,0.020000000000000018,-0.010212053839394164,0.10222222222222233,0.0,0.0,0.0,0.0,0.0,0.0,50.0
49,caught,0.402845232929164,0.012400000000000007,0.98851308232291,0.28444444444444444,0.0,1.0,0.0,0.0,0.0,0.0,31.0,escaped,0.9366421788919839,0.9007999999999999,0.9904054472299597,0.8933333333333333,1.0,0.0,0.0,0.0,2.0,1.0,52.0,escaped,0.9314960619088564,0.8864,0.999140154772141,0.4888888888888889,1.0,0.0,0.0,0.0,2.0,1.0,16.0,0.5337969459628198,0.8884,0.0018923649070496928,0.6088888888888888,1.0,-1.0,0.0,0.0,2.0,1.0,21.0,0.5286508289796923,0.874,0.010627072449231001,0.20444444444444443,1.0,-1.0,0.0,0.0,2.0,1.0,-15.0,-0.005146116983127502,-0.014399999999999968,0.008734707542181308,-0.40444444444444444,0.0,0.0,0.0,0.0,0.0,0.0,-36.0
50,timeout,0.5552746821832901,0.28,0.9681867054582253,0.37333333333333335,0.0,0.0,1.0,0.0,0.0,0.0,200.0,escaped,0.9397396745782953,0.9132,0.9795491864457382,0.9777777777777777,1.0,0.0,0.0,0.0,2.0,1.0,83.0,caught,0.5057698115618013,0.18480000000000002,0.9872245289045034,0.88,0.0,1.0,0.0,0.0,2.0,0.0,62.0,0.3844649923950052,0.6332,0.011362480987512913,0.6044444444444443,1.0,0.0,-1.0,0.0,2.0,1.0,-117.0,-0.049504870621488783,-0.0952,0.019037823446278135,0.5066666666666666,0.0,1.0,-1.0,0.0,2.0,0.0,-138.0,-0.433969863016494,-0.7283999999999999,0.007675342458765222,-0.09777777777777774,-1.0,1.0,0.0,0.0,0.0,-1.0,-21.0
51,timeout,0.6108232820917094,0.36,0.9870582052292735,0.36444444444444446,0.0,0.0,1.0,0.0,1.0,0.0,200.0,escaped,0.9425969565560199,0.914,0.9854923913900496,0.96,1.0,0.0,0.0,0.0,2.0,1.0,85.0,escaped,0.9463358274574865,0.9248,0.9786395686437163,0.9822222222222222,1.0,0.0,0.0,0.0,2.0,1.0,112.0,0.3317736744643105,0.554,-0.0015658138392238286,0.5955555555555555,1.0,0.0,-1.0,0.0,1.0,1.0,-115.0,0.335512545365777,0.5648,-0.008418636585557193,0.6177777777777778,1.0,0.0,-1.0,0.0,1.0,1.0,-88.0,0.003738870901466518,0.01079999999999992,-0.006852822746333365,0.022222222222222254,0.0,0.0,0.0,0.0,0.0,0.0,27.0
52,caught,0.40302634146341465,0.014800000000000011,0.9853658536585366,0.28888888888888886,0.0,1.0,0.0,0.0,0.0,0.0,37.0,escaped,0.9322964872021182,0.9004,0.9801412180052956,0.8533333333333334,1.0,0.0,0.0,0.0,2.0,1.0,51.0,escaped,0.9404729633855409,0.9104,0.9855824084638523,0.9111111111111111,1.0,0.0,0.0,0.0,2.0,1.0,76.0,0.5292701457387036,0.8855999999999999,-0.005224635653240939,0.5644444444444445,1.0,-1.0,0.0,0.0,2.0,1.0,14.0,0.5374466219221262,0.8956,0.00021655480531568294,0.6222222222222222,1.0,-1.0,0.0,0.0,2.0,1.0,39.0,0.008176476183422654,0.010000000000000009,0.005441190458556622,0.057777777777777706,0.0,0.0,0.0,0.0,0.0,0.0,25.0
53,caught,0.43936000000000003,0.06560000000000002,1.0,0.1111111111111111,0.0,1.0,0.0,0.0,0.0,0.0,164.0,escaped,0.9384621869575999,0.91,0.9811554673939995,0.9911111111111112,1.0,0.0,0.0,0.0,2.0,1.0,75.0,escaped,0.9329787181147222,0.9027999999999999,0.9782467952868057,0.9688888888888889,1.0,0.0,0.0,0.0,2.0,1.0,57.0,0.49910218695759984,0.8444,-0.018844532606000497,0.8800000000000001,1.0,-1.0,0.0,0.0,2.0,1.0,-89.0,0.4936187181147222,0.8371999999999999,-0.021753204713194307,0.8577777777777778,1.0,-1.0,0.0,0.0,2.0,1.0,-107.0,-0.005483468842877648,-0.007200000000000095,-0.0029086721071938104,-0.022222222222222254,0.0,0.0,0.0,0.0,0.0,0.0,-18.0
54,caught,0.45664699327569647,0.1012,0.9898174831892411,0.5866666666666667,0.0,1.0,0.0,0.0,1.0,0.0,53.0,escaped,0.9290506619749285,0.8947999999999999,0.9804266549373213,0.7733333333333333,1.0,0.0,0.0,0.0,2.0,1.0,37.0,escaped,0.945618291622606,0.9208,0.9828457290565151,0.9733333333333334,1.0,0.0,0.0,0.0,2.0,1.0,102.0,0.472403668699232,0.7936,-0.009390828251919836,0.18666666666666665,1.0,-1.0,0.0,0.0,1.0,1.0,-16.0,0.48897129834690956,0.8196,-0.0069717541327259935,0.3866666666666667,1.0,-1.0,0.0,0.0,1.0,1.0,49.0,0.01656762964767755,0.026000000000000023,0.0024190741191938425,0.20000000000000007,0.0,0.0,0.0,0.0,0.0,0.0,65.0
55,timeout,0.5590000389271673,0.28,0.9775000973179182,0.6533333333333333,0.0,0.0,1.0,0.0,0.0,0.0,200.0,escaped,0.9310995586527294,0.8992,0.9789488966318235,0.8444444444444444,1.0,0.0,0.0,0.0,2.0,1.0,48.0,escaped,0.9297929181245627,0.8992,0.9756822953114066,0.6977777777777778,1.0,0.0,0.0,0.0,2.0,1.0,48.0,0.3720995197255621,0.6192,0.0014487993139052913,0.19111111111111112,1.0,0.0,-1.0,0.0,2.0,1.0,-152.0,0.37079287919739534,0.6192,-0.001817802006511604,0.04444444444444451,1.0,0.0,-1.0,0.0,2.0,1.0,-152.0,-0.0013066405281667581,0.0,-0.0032666013204168953,-0.1466666666666666,0.0,0.0,0.0,0.0,0.0,0.0,0.0
56,caught,0.41470741241548864,0.04080000000000001,0.9755685310387215,0.36,0.0,1.0,0.0,0.0,0.0,0.0,102.0,escaped,0.9435974953959483,0.9168,0.9837937384898711,0.9822222222222222,1.0,0.0,0.0,0.0,2.0,1.0,92.0,escaped,0.9334665076999503,0.9036000000000001,0.9782662692498758,0.8355555555555556,1.0,0.0,0.0,0.0,2.0,1.0,59.0,0.5288900829804597,0.8759999999999999,0.008225207451149519,0.6222222222222222,1.0,-1.0,0.0,0.0,2.0,1.0,-10.0,0.5187590952844616,0.8628,0.002697738211154266,0.4755555555555556,1.0,-1.0,0.0,0.0,2.0,1.0,-43.0,-0.010130987695997962,-0.013199999999999878,-0.005527469239995253,-0.1466666666666666,0.0,0.0,0.0,0.0,0.0,0.0,-33.0
57,caught,0.41656000000000004,0.027599999999999993,1.0,0.08888888888888889,0.0,1.0,0.0,0.0,0.0,0.0,69.0,escaped,0.931644029094115,0.8967999999999999,0.9839100727352876,0.9288888888888889,1.0,0.0,0.0,0.0,2.0,1.0,42.0,escaped,0.9284657217847768,0.8904,0.9855643044619422,0.4444444444444444,1.0,0.0,0.0,0.0,2.0,1.0,26.0,0.515084029094115,0.8692,-0.016089927264712367,0.84,1.0,-1.0,0.0,0.0,2.0,1.0,-27.0,0.5119057217847768,0.8628,-0.014435695538057791,0.3555555555555555,1.0,-1.0,0.0,0.0,2.0,1.0,-43.0,-0.003178307309338213,-0.006399999999999961,0.0016542317266545759,-0.48444444444444446,0.0,0.0,0.0,0.0,0.0,0.0,-16.0
58,caught,0.4463010687022901,0.09040000000000001,0.9801526717557252,0.2577777777777778,0.0,1.0,0.0,0.0,1.0,0.0,26.0,escaped,0.9327865882015214,0.9007999999999999,0.9807664705038036,0.9288888888888889,1.0,0.0,0.0,0.0,2.0,1.0,52.0,escaped,0.9328710623988044,0.9024,0.9785776559970109,0.9777777777777777,1.0,0.0,0.0,0.0,2.0,1.0,56.0,0.4864855194992313,0.8103999999999999,0.0006137987480784313,0.6711111111111111,1.0,-1.0,0.0,0.0,1.0,1.0,26.0,0.48656999369651427,0.8119999999999999,-0.0015750157587143265,0.72,1.0,-1.0,0.0,0.0,1.0,1.0,30.0,8.447419728296879e-05,0.0016000000000000458,-0.002188814506792758,0.04888888888888887,0.0,0.0,0.0,0.0,0.0,0.0,4.0
59,timeout,0.5395204265662982,0.28,0.9288010664157453,0.29333333333333333,0.0,0.0,1.0,0.0,0.0,0.0,200.0,escaped,0.9268519083969465,0.896,0.9731297709923664,0.5111111111111111,1.0,0.0,0.0,0.0,2.0,1.0,40.0,escaped,0.9343446592529228,0.9016000000000001,0.9834616481323069,0.8888888888888888,1.0,0.0,0.0,0.0,2.0,1.0,54.0,0.38733148183064836,0.616,0.04432870457662108,0.21777777777777774,1.0,0.0,-1.0,0.0,2.0,1.0,-160.0,0.3948242326866246,0.6216,0.05466058171656152,0.5955555555555555,1.0,0.0,-1.0,0.0,2.0,1.0,-146.0,0.007492750855976227,0.005600000000000049,0.010331877139940437,0.37777777777777777,0.0,0.0,0.0,0.0,0.0,0.0,14.0
60,timeout,0.5607656033287102,0.28,0.9819140083217753,0.5733333333333334,0.0,0.0,1.0,0.0,0.0,0.0,200.0,escaped,0.9314462992125985,0.8864,0.9990157480314961,0.4222222222222222,1.0,0.0,0.0,0.0,2.0,1.0,16.0,escaped,0.9289193327480245,0.8867999999999999,0.9920983318700615,0.4444444444444444,1.0,0.0,0.0,0.0,2.0,1.0,17.0,0.3706806958838883,0.6063999999999999,0.01710173970972073,-0.15111111111111114,1.0,0.0,-1.0,0.0,2.0,1.0,-184.0,0.36815372941931435,0.6067999999999999,0.010184323548286134,-0.12888888888888894,1.0,0.0,-1.0,0.0,2.0,1.0,-183.0,-0.0025269664645739542,0.00039999999999995595,-0.0069174161614345975,0.0222222222222222,0.0,0.0,0.0,0.0,0.0,0.0,1.0
61,caught,0.4525559392027531,0.10479999999999999,0.9741898480068827,0.3333333333333333,0.0,1.0,0.0,0.0,1.0,0.0,62.0,escaped,0.9303515756630265,0.9016000000000001,0.9734789391575663,0.7377777777777778,1.0,0.0,0.0,0.0,2.0,1.0,54.0,escaped,0.9309009411316441,0.9016000000000001,0.9748523528291103,0.5955555555555555,1.0,0.0,0.0,0.0,2.0,1.0,54.0,0.4777956364602734,0.7968000000000001,-0.0007109088493163496,0.40444444444444444,1.0,-1.0,0.0,0.0,1.0,1.0,-8.0,0.478345001928891,0.7968000000000001,0.0006625048222276275,0.2622222222222222,1.0,-1.0,0.0,0.0,1.0,1.0,-8.0,0.000549365468617613,0.0,0.001373413671543977,-0.14222222222222225,0.0,0.0,0.0,0.0,0.0,0.0,0.0
62,timeout,0.5986624769315179,0.36,0.9566561923287945,0.6266666666666667,0.0,0.0,1.0,0.0,1.0,0.0,200.0,escaped,0.9389520343020485,0.9128,0.9781800857551215,0.9466666666666667,1.0,0.0,0.0,0.0,2.0,1.0,82.0,caught,0.40264070381231676,0.008800000000000011,0.9934017595307918,0.30666666666666664,0.0,1.0,0.0,0.0,0.0,0.0,22.0,0.3402895573705307,0.5528,0.02152389342632699,0.31999999999999995,1.0,0.0,-1.0,0.0,1.0,1.0,-118.0,-0.1960217731192011,-0.35119999999999996,0.03674556720199729,-0.32000000000000006,0.0,1.0,-1.0,0.0,-1.0,0.0,-178.0,-0.5363113304897318,-0.9039999999999999,0.015221673775670297,-0.64,-1.0,1.0,0.0,0.0,-2.0,-1.0,-60.0
63,caught,0.47441863497259984,0.1404,0.9754465874314996,0.6177777777777778,0.0,1.0,0.0,0.0,1.0,0.0,151.0,caught,0.44831132300357573,0.098,0.9737783075089392,0.6755555555555556,0.0,1.0,0.0,0.0,1.0,0.0,45.0,escaped,0.9554784476477111,0.9348,0.9864961191192777,0.9777777777777777,1.0,0.0,0.0,0.0,2.0,1.0,137.0,-0.026107311969024105,-0.04239999999999999,-0.0016682799225603562,0.05777777777777782,0.0,0.0,0.0,0.0,0.0,0.0,-106.0,0.4810598126751112,0.7944,0.011049531687778114,0.36,1.0,-1.0,0.0,0.0,1.0,1.0,-14.0,0.5071671246441354,0.8368,0.01271781161033847,0.30222222222222217,1.0,-1.0,0.0,0.0,1.0,1.0,92.0
