case,subset,seed_outcome,generation_2_outcome,seed_combined_score,generation_2_combined_score,difference_combined_score,seed_task,generation_2_task,difference_task,seed_model_accuracy,generation_2_model_accuracy,difference_model_accuracy,seed_final_coverage,generation_2_final_coverage,difference_final_coverage,seed_escaped,generation_2_escaped,difference_escaped,seed_caught,generation_2_caught,difference_caught,seed_timeout,generation_2_timeout,difference_timeout,seed_invalid,generation_2_invalid,difference_invalid,seed_keys,generation_2_keys,difference_keys,seed_door_open,generation_2_door_open,difference_door_open,seed_steps,generation_2_steps,difference_steps
0,search,caught,escaped,0.457837123146925,0.938225087994103,0.480387964847178,0.1144,0.9116000000000001,0.7972000000000001,0.9729928078673125,0.9781627199852575,0.005169912117945041,0.5022222222222222,0.9333333333333333,0.4311111111111111,0.0,1.0,1.0,1.0,0.0,-1.0,0.0,0.0,0.0,0.0,0.0,0.0,1.0,2.0,1.0,0.0,1.0,1.0,86.0,79.0,-7.0
1,search,timeout,escaped,0.6615073028237586,0.9333158426752803,0.27180853985152176,0.44,0.8976000000000001,0.45760000000000006,0.9937682570593963,0.9868896066882007,-0.006878650371195616,0.5733333333333334,0.8888888888888888,0.3155555555555555,0.0,1.0,1.0,0.0,0.0,0.0,1.0,0.0,-1.0,0.0,0.0,0.0,2.0,2.0,0.0,0.0,1.0,1.0,200.0,44.0,-156.0
2,search,caught,escaped,0.4603411090798294,0.9350483769633509,0.47470726788352147,0.1156,0.9044,0.7888,0.9774527726995734,0.981020942408377,0.0035681697088035813,0.1688888888888889,0.8666666666666667,0.6977777777777778,0.0,1.0,1.0,1.0,0.0,-1.0,0.0,0.0,0.0,0.0,0.0,0.0,1.0,2.0,1.0,0.0,1.0,1.0,89.0,61.0,-28.0
3,search,caught,escaped,0.5341228341053355,0.9538430962903443,0.4197202621850088,0.23,0.932,0.7020000000000001,0.9903070852633384,0.9866077407258604,-0.003699344537478,0.36,0.9688888888888889,0.6088888888888889,0.0,1.0,1.0,1.0,0.0,-1.0,0.0,0.0,0.0,0.0,0.0,0.0,2.0,2.0,0.0,0.0,1.0,1.0,175.0,130.0,-45.0
4,search,timeout,escaped,0.5680000000000001,0.9365935389641588,0.3685935389641587,0.28,0.9087999999999999,0.6287999999999999,1.0,0.9782838474103969,-0.021716152589603133,0.1111111111111111,0.8711111111111111,0.76,0.0,1.0,1.0,0.0,0.0,0.0,1.0,0.0,-1.0,0.0,0.0,0.0,0.0,2.0,2.0,0.0,1.0,1.0,200.0,72.0,-128.0
5,additional_development,caught,escaped,0.39326918918918924,0.9381078227360309,0.5448386335468416,0.006800000000000012,0.9064,0.8996,0.972972972972973,0.9856695568400771,0.012696583867104039,0.15555555555555556,0.96,0.8044444444444444,0.0,1.0,1.0,1.0,0.0,-1.0,0.0,0.0,0.0,0.0,0.0,0.0,0.0,2.0,2.0,0.0,1.0,1.0,17.0,66.0,49.0
6,additional_development,caught,escaped,0.4085851608423976,0.9345036613523914,0.5259185005099938,0.024800000000000013,0.9044,0.8795999999999999,0.984262902105994,0.9796591533809785,-0.004603748725015455,0.44,0.9955555555555555,0.5555555555555556,0.0,1.0,1.0,1.0,0.0,-1.0,0.0,0.0,0.0,0.0,0.0,0.0,0.0,2.0,2.0,0.0,1.0,1.0,62.0,61.0,-1.0
7,additional_development,caught,escaped,0.42400200049354286,0.9336013134478005,0.5095993129542576,0.04959999999999999,0.9012,0.8516,0.9856050012338571,0.9822032836195012,-0.003401717614355926,0.47555555555555556,0.9688888888888889,0.49333333333333335,0.0,1.0,1.0,1.0,0.0,-1.0,0.0,0.0,0.0,0.0,0.0,0.0,0.0,2.0,2.0,0.0,1.0,1.0,124.0,53.0,-71.0
8,additional_development,caught,escaped,0.466610308204312,0.9310772732152441,0.46446696501093215,0.12240000000000001,0.9032,0.7807999999999999,0.9829257705107799,0.9728931830381106,-0.01003258747266933,0.40444444444444444,0.7777777777777778,0.37333333333333335,0.0,1.0,1.0,1.0,0.0,-1.0,0.0,0.0,0.0,0.0,0.0,0.0,1.0,2.0,1.0,0.0,1.0,1.0,106.0,58.0,-48.0
9,additional_development,timeout,escaped,0.6113041018387553,0.9360474937552039,0.32474339191644863,0.36,0.9084,0.5484,0.9882602545968883,0.97751873438801,-0.010741520208878308,0.44,0.9422222222222222,0.5022222222222221,0.0,1.0,1.0,0.0,0.0,0.0,1.0,0.0,-1.0,0.0,0.0,0.0,1.0,2.0,1.0,0.0,1.0,1.0,200.0,71.0,-129.0
10,additional_development,caught,escaped,0.47636648230405504,0.929997754991905,0.4536312726878499,0.13319999999999999,0.8987999999999999,0.7656,0.9911162057601376,0.9767943874797625,-0.014321818280375043,0.26666666666666666,0.8,0.5333333333333334,0.0,1.0,1.0,1.0,0.0,-1.0,0.0,0.0,0.0,0.0,0.0,0.0,1.0,2.0,1.0,0.0,1.0,1.0,133.0,47.0,-86.0
11,additional_development,caught,escaped,0.4592956381260097,0.9425004122245912,0.48320477409858154,0.11,0.9124,0.8024,0.9832390953150242,0.9876510305614783,0.004411935246454113,0.3377777777777778,0.9688888888888889,0.6311111111111112,0.0,1.0,1.0,1.0,0.0,-1.0,0.0,0.0,0.0,0.0,0.0,0.0,1.0,2.0,1.0,0.0,1.0,1.0,75.0,81.0,6.0
12,additional_development,caught,escaped,0.479298870266915,0.930480579710145,0.45118170944323,0.1428,0.8944,0.7515999999999999,0.9840471756672874,0.9846014492753623,0.0005542736080749178,0.6222222222222222,0.6177777777777778,-0.004444444444444473,0.0,1.0,1.0,1.0,0.0,-1.0,0.0,0.0,0.0,0.0,0.0,0.0,1.0,2.0,1.0,0.0,1.0,1.0,157.0,36.0,-121.0
13,additional_development,timeout,escaped,0.6158282032927702,0.9367163661905877,0.3208881628978175,0.36,0.906,0.546,0.9995705082319255,0.9827909154764692,-0.016779592755456263,0.15555555555555556,0.8177777777777778,0.6622222222222223,0.0,1.0,1.0,0.0,0.0,0.0,1.0,0.0,-1.0,0.0,0.0,0.0,1.0,2.0,1.0,0.0,1.0,1.0,200.0,65.0,-135.0
14,additional_development,caught,escaped,0.430155628229287,0.928798726790451,0.49864309856116396,0.0704,0.8976000000000001,0.8272,0.9697890705732174,0.9755968169761273,0.00580774640290993,0.5244444444444445,0.8088888888888889,0.2844444444444444,0.0,1.0,1.0,1.0,0.0,-1.0,0.0,0.0,0.0,0.0,0.0,0.0,0.0,2.0,2.0,0.0,1.0,1.0,176.0,44.0,-132.0
15,additional_development,caught,escaped,0.402724375,0.9319638149011906,0.5292394399011906,0.010400000000000006,0.906,0.8956000000000001,0.9912109375,0.9709095372529766,-0.020301400247023427,0.2,0.8133333333333334,0.6133333333333333,0.0,1.0,1.0,1.0,0.0,-1.0,0.0,0.0,0.0,0.0,0.0,0.0,0.0,2.0,2.0,0.0,1.0,1.0,26.0,65.0,39.0
16,additional_development,caught,escaped,0.4875606264831514,0.9285171572467823,0.4409565307636309,0.1472,0.8927999999999999,0.7455999999999999,0.9981015662078785,0.9820928931169558,-0.016008673090922687,0.2,0.7644444444444445,0.5644444444444445,0.0,1.0,1.0,1.0,0.0,-1.0,0.0,0.0,0.0,0.0,0.0,0.0,1.0,2.0,1.0,0.0,1.0,1.0,168.0,32.0,-136.0
17,additional_development,caught,escaped,0.406,0.9289347410624791,0.5229347410624791,0.01,0.8996000000000001,0.8896000000000001,1.0,0.9729368526561978,-0.02706314734380222,0.32,0.9022222222222223,0.5822222222222222,0.0,1.0,1.0,1.0,0.0,-1.0,0.0,0.0,0.0,0.0,0.0,0.0,0.0,2.0,2.0,0.0,1.0,1.0,25.0,49.0,24.0
18,additional_development,timeout,escaped,0.5523230107794879,0.9342793673110721,0.3819563565315842,0.28,0.9064,0.6264,0.9608075269487195,0.9760984182776802,0.015290891328960665,0.39555555555555555,0.7511111111111111,0.3555555555555555,0.0,1.0,1.0,0.0,0.0,0.0,1.0,0.0,-1.0,0.0,0.0,0.0,0.0,2.0,2.0,0.0,1.0,1.0,200.0,66.0,-134.0
19,additional_development,caught,escaped,0.43810235807860265,0.9342295381959431,0.49612718011734047,0.06560000000000002,0.9092,0.8436,0.9968558951965065,0.9717738454898576,-0.025082049706648957,0.15555555555555556,0.9688888888888889,0.8133333333333334,0.0,1.0,1.0,1.0,0.0,-1.0,0.0,0.0,0.0,0.0,0.0,0.0,0.0,2.0,2.0,0.0,1.0,1.0,164.0,73.0,-91.0
20,additional_development,timeout,escaped,0.5585010368586528,0.9419393196136077,0.38343828275495484,0.28,0.9132,0.6332,0.9762525921466318,0.9850482990340194,0.008795706887387511,0.4,0.8311111111111111,0.4311111111111111,0.0,1.0,1.0,0.0,0.0,0.0,1.0,0.0,-1.0,0.0,0.0,0.0,0.0,2.0,2.0,0.0,1.0,1.0,200.0,83.0,-117.0
21,additional_development,caught,escaped,0.4115722365038561,0.9394323371647508,0.5278601006608947,0.024,0.9124,0.8884,0.9929305912596401,0.9799808429118774,-0.012949748347762746,0.1288888888888889,0.7911111111111111,0.6622222222222223,0.0,1.0,1.0,1.0,0.0,-1.0,0.0,0.0,0.0,0.0,0.0,0.0,0.0,2.0,2.0,0.0,1.0,1.0,60.0,81.0,21.0
22,additional_development,timeout,escaped,0.5613300149328024,0.9371521536546328,0.37582213872183035,0.28,0.9112,0.6312,0.9833250373320059,0.9760803841365819,-0.007244653195424,0.28,0.9733333333333334,0.6933333333333334,0.0,1.0,1.0,0.0,0.0,0.0,1.0,0.0,-1.0,0.0,0.0,0.0,0.0,2.0,2.0,0.0,1.0,1.0,200.0,78.0,-122.0
23,additional_development,timeout,escaped,0.5616435218324982,0.9298409426551453,0.36819742082264706,0.28,0.8904,0.6103999999999999,0.9841088045812455,0.9890023566378633,0.004893552056617789,0.15555555555555556,0.5866666666666667,0.4311111111111111,0.0,1.0,1.0,0.0,0.0,0.0,1.0,0.0,-1.0,0.0,0.0,0.0,0.0,2.0,2.0,0.0,1.0,1.0,200.0,26.0,-174.0
24,additional_development,timeout,escaped,0.5680000000000001,0.9262707444668008,0.35827074446680074,0.28,0.8907999999999999,0.6107999999999999,1.0,0.979476861167002,-0.020523138832997945,0.08888888888888889,0.6,0.5111111111111111,0.0,1.0,1.0,0.0,0.0,0.0,1.0,0.0,-1.0,0.0,0.0,0.0,0.0,2.0,2.0,0.0,1.0,1.0,200.0,27.0,-173.0
25,additional_development,timeout,escaped,0.5522630501535313,0.9433193378673168,0.39105628771378553,0.28,0.922,0.642,0.960657625383828,0.975298344668292,0.014640719284463977,0.4088888888888889,0.9688888888888889,0.56,0.0,1.0,1.0,0.0,0.0,0.0,1.0,0.0,-1.0,0.0,0.0,0.0,0.0,2.0,2.0,0.0,1.0,1.0,200.0,105.0,-95.0
26,additional_development,caught,escaped,0.4593611678832117,0.9409245895772758,0.4815634216940641,0.1184,0.9084,0.79,0.9708029197080292,0.9897114739431895,0.018908554235160246,0.5911111111111111,0.8844444444444445,0.29333333333333333,0.0,1.0,1.0,1.0,0.0,-1.0,0.0,0.0,0.0,0.0,0.0,0.0,1.0,2.0,1.0,0.0,1.0,1.0,96.0,71.0,-25.0
27,additional_development,timeout,escaped,0.5583572667360389,0.9448120515720425,0.3864547848360036,0.28,0.9208,0.6407999999999999,0.9758931668400971,0.9808301289301063,0.004936962090009267,0.26222222222222225,0.9644444444444444,0.7022222222222222,0.0,1.0,1.0,0.0,0.0,0.0,1.0,0.0,-1.0,0.0,0.0,0.0,0.0,2.0,2.0,0.0,1.0,1.0,200.0,102.0,-98.0
28,additional_development,caught,escaped,0.47013928973413543,0.9395024362060664,0.469363146471931,0.13319999999999999,0.9087999999999999,0.7756,0.9755482243353386,0.9855560905151661,0.010007866179827518,0.43555555555555553,0.9377777777777778,0.5022222222222223,0.0,1.0,1.0,1.0,0.0,-1.0,0.0,0.0,0.0,0.0,0.0,0.0,1.0,2.0,1.0,0.0,1.0,1.0,133.0,72.0,-61.0
29,additional_development,caught,escaped,0.4434509871244635,0.9250019956616052,0.4815510085371417,0.0996,0.8912,0.7916,0.9592274678111588,0.975704989154013,0.016477521342854295,0.36,0.49777777777777776,0.13777777777777778,0.0,1.0,1.0,1.0,0.0,-1.0,0.0,0.0,0.0,0.0,0.0,0.0,1.0,2.0,1.0,0.0,1.0,1.0,49.0,28.0,-21.0
30,additional_development,timeout,escaped,0.552976111723631,0.9284387229660145,0.37546261124238345,0.28,0.89,0.61,0.9624402793090775,0.986096807415036,0.02365652810595853,0.31555555555555553,0.43555555555555553,0.12,0.0,1.0,1.0,0.0,0.0,0.0,1.0,0.0,-1.0,0.0,0.0,0.0,0.0,2.0,2.0,0.0,1.0,1.0,200.0,25.0,-175.0
31,additional_development,caught,escaped,0.4621181526302791,0.9376886215715672,0.47557046894128807,0.106,0.9092,0.8032,0.9962953815756977,0.9804215539289179,-0.015873827646779803,0.29333333333333333,0.9066666666666666,0.6133333333333333,0.0,1.0,1.0,1.0,0.0,-1.0,0.0,0.0,0.0,0.0,0.0,0.0,1.0,2.0,1.0,0.0,1.0,1.0,65.0,73.0,8.0
